Patient ID,Full Name,Gender,Age,DOB,Mobile,ABHA ID,Address,Ward,Ward Number,Zone,District,Facility,Facility Code,Vulnerability Info,Registration Date
NC-PHC-2026-0001,Ramesh Gowda,MALE,56,1970-10-15,9845011001,14-8291-4001-1001,"14, 2nd Cross, Parvathi Nagar, Laggere, Bengaluru",Laggere Ward,68,West Zone,BBMP Central (Bengaluru Urban),Namma Clinic Local PHC,PHC-LOCAL-01,BPL Slum Household,2026-10-08
NC-PHC-2026-0002,Ananya Bhat,FEMALE,52,1974-10-07,9845011002,14-8291-4001-1002,"28, MEI Layout Main Road, Laggere, Bengaluru",Laggere Ward,68,West Zone,BBMP Central (Bengaluru Urban),Namma Clinic Local PHC,PHC-LOCAL-01,BPL Slum Household,2026-10-08
NC-PHC-2026-0003,Suresh Hegde,MALE,61,1965-10-02,9845011003,14-8291-4001-1003,"45, Chowdeshwari Nagar, Laggere, Bengaluru",Laggere Ward,68,West Zone,BBMP Central (Bengaluru Urban),Namma Clinic Local PHC,PHC-LOCAL-01,BPL Slum Household,2026-10-08
NC-PHC-2026-0004,Deepa Rao,FEMALE,48,1978-09-22,9845011004,14-8291-4001-1004,"62, Kempegowda Layout, Laggere, Bengaluru",Laggere Ward,68,West Zone,BBMP Central (Bengaluru Urban),Namma Clinic Local PHC,PHC-LOCAL-01,BPL Slum Household,2026-10-08
NC-PHC-2026-0005,Venkatesh Prasad,MALE,64,1962-09-19,9845011005,14-8291-4001-1005,"81, 3rd Stage, Parvathi Nagar, Laggere, Bengaluru",Laggere Ward,68,West Zone,BBMP Central (Bengaluru Urban),Namma Clinic Local PHC,PHC-LOCAL-01,BPL Slum Household,2026-10-08
NC-PHC-2026-0006,Kavitha Kulkarni,FEMALE,50,1976-09-08,9845011006,14-8291-4001-1006,"19, Pipeline Road, Laggere, Bengaluru",Laggere Ward,68,West Zone,BBMP Central (Bengaluru Urban),Namma Clinic Local PHC,PHC-LOCAL-01,BPL Slum Household,2026-10-08
NC-PHC-2026-0007,Basavaraj Nayak,MALE,58,1968-09-03,9845011007,14-8291-4001-1007,"33, 4th Cross, MEI Layout, Laggere, Bengaluru",Laggere Ward,68,West Zone,BBMP Central (Bengaluru Urban),Namma Clinic Local PHC,PHC-LOCAL-01,BPL Slum Household,2026-10-08
NC-PHC-2026-0008,Pooja Shetty,FEMALE,46,1980-08-24,9845011008,14-8291-4001-1008,"77, Laggere Ring Road, Bengaluru",Laggere Ward,68,West Zone,BBMP Central (Bengaluru Urban),Namma Clinic Local PHC,PHC-LOCAL-01,BPL Slum Household,2026-10-08
NC-PHC-2026-0009,Manjunath Murthy,MALE,67,1959-08-23,9845011009,14-8291-4001-1009,"12, Someshwara Extension, Laggere, Bengaluru",Laggere Ward,68,West Zone,BBMP Central (Bengaluru Urban),Namma Clinic Local PHC,PHC-LOCAL-01,BPL Slum Household,2026-10-08
NC-PHC-2026-0010,Sunitha Deshmukh,FEMALE,54,1972-08-12,9845011010,14-8291-4001-1010,"51, Vinayaka Layout, Laggere, Bengaluru",Laggere Ward,68,West Zone,BBMP Central (Bengaluru Urban),Namma Clinic Local PHC,PHC-LOCAL-01,BPL Slum Household,2026-10-08
NC-PHC-2026-0011,Chetan Patil,MALE,49,1977-08-04,9845011011,14-8291-4001-1011,"90, 1st Cross, Chowdeshwari Nagar, Laggere, Bengaluru",Laggere Ward,68,West Zone,BBMP Central (Bengaluru Urban),Namma Clinic Local PHC,PHC-LOCAL-01,BPL Slum Household,2026-10-08
NC-PHC-2026-0012,Rekha Acharya,FEMALE,59,1967-07-31,9845011012,14-8291-4001-1012,"104, Kempegowda Main Road, Laggere, Bengaluru",Laggere Ward,68,West Zone,BBMP Central (Bengaluru Urban),Namma Clinic Local PHC,PHC-LOCAL-01,BPL Slum Household,2026-10-08
NC-PHC-2026-0013,Praveen Kumar,MALE,63,1963-07-25,9845011013,14-8291-4001-1013,"38, MEI Extension, Laggere, Bengaluru",Laggere Ward,68,West Zone,BBMP Central (Bengaluru Urban),Namma Clinic Local PHC,PHC-LOCAL-01,BPL Slum Household,2026-10-08
NC-PHC-2026-0014,Shwetha Joshi,FEMALE,44,1982-07-13,9845011014,14-8291-4001-1014,"25, Shivananda Nagar, Laggere, Bengaluru",Laggere Ward,68,West Zone,BBMP Central (Bengaluru Urban),Namma Clinic Local PHC,PHC-LOCAL-01,BPL Slum Household,2026-10-08
NC-PHC-2026-0015,Anand Bellary,MALE,57,1969-07-09,9845011015,14-8291-4001-1015,"49, Maruthi Extension, Laggere, Bengaluru",Laggere Ward,68,West Zone,BBMP Central (Bengaluru Urban),Namma Clinic Local PHC,PHC-LOCAL-01,BPL Slum Household,2026-10-08
NC-PHC-2026-0016,Meenakshi Sundaram,FEMALE,65,1961-07-04,9845011016,14-8291-4001-1016,"72, Saraswathi Nagar, Laggere, Bengaluru",Laggere Ward,68,West Zone,BBMP Central (Bengaluru Urban),Namma Clinic Local PHC,PHC-LOCAL-01,BPL Slum Household,2026-10-08
NC-PHC-2026-0017,Raghavendra Rao,MALE,53,1973-06-24,9845011017,14-8291-4001-1017,"15, 6th Cross, Laggere Village, Bengaluru",Laggere Ward,68,West Zone,BBMP Central (Bengaluru Urban),Namma Clinic Local PHC,PHC-LOCAL-01,BPL Slum Household,2026-10-08
NC-PHC-2026-0018,Soumya Hegde,FEMALE,47,1979-06-16,9845011018,14-8291-4001-1018,"84, Peenya Link Road, Laggere, Bengaluru",Laggere Ward,68,West Zone,BBMP Central (Bengaluru Urban),Namma Clinic Local PHC,PHC-LOCAL-01,BPL Slum Household,2026-10-08
NC-PHC-2026-0019,Girish Kulkarni,MALE,60,1966-06-12,9845011019,14-8291-4001-1019,"29, 4th Block, Jayanagar, Bengaluru",Jayanagar Ward,45,South Zone,BBMP Central (Bengaluru Urban),Namma Clinic Local PHC,PHC-LOCAL-01,Low Income Group,2026-10-08
NC-PHC-2026-0020,Roopa Nayak,FEMALE,51,1975-06-03,9845011020,14-8291-4001-1020,"53, 9th Block, Jayanagar, Bengaluru",Jayanagar Ward,45,South Zone,BBMP Central (Bengaluru Urban),Namma Clinic Local PHC,PHC-LOCAL-01,Low Income Group,2026-10-08
NC-PHC-2026-0021,Ravi Kumar,MALE,28,1998-05-21,9845011021,14-8291-4001-1021,"18, MEI Layout 2nd Stage, Laggere, Bengaluru",Laggere Ward,68,West Zone,BBMP Central (Bengaluru Urban),Namma Clinic Local PHC,PHC-LOCAL-01,BPL Slum Household,2026-10-08
NC-PHC-2026-0022,Preeti Shenoy,FEMALE,24,2002-05-13,9845011022,14-8291-4001-1022,"31, Chowdeshwari Temple Cross, Laggere, Bengaluru",Laggere Ward,68,West Zone,BBMP Central (Bengaluru Urban),Namma Clinic Local PHC,PHC-LOCAL-01,BPL Slum Household,2026-10-08
NC-PHC-2026-0023,Vijay Patil,MALE,35,1991-05-09,9845011023,14-8291-4001-1023,"66, Laggere Bridge Colony, Bengaluru",Laggere Ward,68,West Zone,BBMP Central (Bengaluru Urban),Namma Clinic Local PHC,PHC-LOCAL-01,BPL Slum Household,2026-10-08
NC-PHC-2026-0024,Geetha Raman,FEMALE,31,1995-05-01,9845011024,14-8291-4001-1024,"42, Parvathi Nagar Main, Laggere, Bengaluru",Laggere Ward,68,West Zone,BBMP Central (Bengaluru Urban),Namma Clinic Local PHC,PHC-LOCAL-01,BPL Slum Household,2026-10-08
NC-PHC-2026-0025,Mohan Bhat,MALE,22,2004-04-21,9845011025,14-8291-4001-1025,"88, Kempegowda Nagar 3rd Cross, Laggere, Bengaluru",Laggere Ward,68,West Zone,BBMP Central (Bengaluru Urban),Namma Clinic Local PHC,PHC-LOCAL-01,BPL Slum Household,2026-10-08
NC-PHC-2026-0026,Archana Kulkarni,FEMALE,29,1997-04-16,9845011026,14-8291-4001-1026,"16, Pipeline Road Slum Cluster, Laggere, Bengaluru",Laggere Ward,68,West Zone,BBMP Central (Bengaluru Urban),Namma Clinic Local PHC,PHC-LOCAL-01,BPL Slum Household,2026-10-08
NC-PHC-2026-0027,Santosh Gowda,MALE,33,1993-04-10,9845011027,14-8291-4001-1027,"74, Bazaar Street, Ulsoor, Bengaluru",Ulsoor Ward,14,East Zone,BBMP Central (Bengaluru Urban),Namma Clinic Local PHC,PHC-LOCAL-01,Low Income Group,2026-10-08
NC-PHC-2026-0028,Vidya Shankar,FEMALE,27,1999-04-02,9845011028,14-8291-4001-1028,"55, Someshwara Temple Lane, Ulsoor, Bengaluru",Ulsoor Ward,14,East Zone,BBMP Central (Bengaluru Urban),Namma Clinic Local PHC,PHC-LOCAL-01,Low Income Group,2026-10-08
NC-PHC-2026-0029,Harish Reddy,MALE,40,1986-03-29,9845011029,14-8291-4001-1029,"22, Cambridge Road, Ulsoor, Bengaluru",Ulsoor Ward,14,East Zone,BBMP Central (Bengaluru Urban),Namma Clinic Local PHC,PHC-LOCAL-01,Low Income Group,2026-10-08
NC-PHC-2026-0030,Nalini Hegde,FEMALE,36,1990-03-21,9845011030,14-8291-4001-1030,"97, 33rd Cross, Jayanagar 7th Block, Bengaluru",Jayanagar Ward,45,South Zone,BBMP Central (Bengaluru Urban),Namma Clinic Local PHC,PHC-LOCAL-01,Low Income Group,2026-10-08
NC-PHC-2026-0031,Kiran Acharya,MALE,25,2001-03-11,9845011031,14-8291-4001-1031,"11, Kanakapura Road Cross, Jayanagar, Bengaluru",Jayanagar Ward,45,South Zone,BBMP Central (Bengaluru Urban),Namma Clinic Local PHC,PHC-LOCAL-01,Low Income Group,2026-10-08
NC-PHC-2026-0032,Bhavana Rao,FEMALE,30,1996-03-05,9845011032,14-8291-4001-1032,"63, Chowdeshwari Layout, Laggere, Bengaluru",Laggere Ward,68,West Zone,BBMP Central (Bengaluru Urban),Namma Clinic Local PHC,PHC-LOCAL-01,BPL Slum Household,2026-10-08
NC-PHC-2026-0033,Shivakumar Swamy,MALE,37,1989-02-28,9845011033,14-8291-4001-1033,"21, 5th Main, Parvathi Nagar, Laggere, Bengaluru",Laggere Ward,68,West Zone,BBMP Central (Bengaluru Urban),Namma Clinic Local PHC,PHC-LOCAL-01,BPL Slum Household,2026-10-08
NC-PHC-2026-0034,Usha Devi,FEMALE,42,1984-02-23,9845011034,14-8291-4001-1034,"39, MEI Layout 3rd Cross, Laggere, Bengaluru",Laggere Ward,68,West Zone,BBMP Central (Bengaluru Urban),Namma Clinic Local PHC,PHC-LOCAL-01,BPL Slum Household,2026-10-08
NC-PHC-2026-0035,Mahesh Prabhu,MALE,45,1981-02-16,9845011035,14-8291-4001-1035,"78, Ring Road Junction, Laggere, Bengaluru",Laggere Ward,68,West Zone,BBMP Central (Bengaluru Urban),Namma Clinic Local PHC,PHC-LOCAL-01,BPL Slum Household,2026-10-08
NC-PHC-2026-0036,Suma Shetty,FEMALE,34,1992-02-07,9845011036,14-8291-4001-1036,"14, Chowdeshwari Nagar 2nd Stage, Laggere, Bengaluru",Laggere Ward,68,West Zone,BBMP Central (Bengaluru Urban),Namma Clinic Local PHC,PHC-LOCAL-01,BPL Slum Household,2026-10-08
NC-PHC-2026-0037,Chandrakanth Patil,MALE,39,1987-02-01,9845011037,14-8291-4001-1037,"58, Vinayaka Extension, Laggere, Bengaluru",Laggere Ward,68,West Zone,BBMP Central (Bengaluru Urban),Namma Clinic Local PHC,PHC-LOCAL-01,BPL Slum Household,2026-10-08
NC-PHC-2026-0038,Shilpa Kulkarni,FEMALE,26,2000-01-22,9845011038,14-8291-4001-1038,"92, MEI Colony, Laggere, Bengaluru",Laggere Ward,68,West Zone,BBMP Central (Bengaluru Urban),Namma Clinic Local PHC,PHC-LOCAL-01,BPL Slum Household,2026-10-08
NC-PHC-2026-0039,Naveen Gowda,MALE,31,1995-01-16,9845011039,14-8291-4001-1039,"105, Parvathi Extension, Laggere, Bengaluru",Laggere Ward,68,West Zone,BBMP Central (Bengaluru Urban),Namma Clinic Local PHC,PHC-LOCAL-01,BPL Slum Household,2026-10-08
NC-PHC-2026-0040,Deepthi Bhat,FEMALE,29,1997-01-08,9845011040,14-8291-4001-1040,"44, Kempegowda Main, Laggere, Bengaluru",Laggere Ward,68,West Zone,BBMP Central (Bengaluru Urban),Namma Clinic Local PHC,PHC-LOCAL-01,BPL Slum Household,2026-10-08
NC-PHC-2026-0041,Jagadeesh Murthy,MALE,52,1974-01-07,9845011041,14-8291-4001-1041,"83, Pipeline Cross, Laggere, Bengaluru",Laggere Ward,68,West Zone,BBMP Central (Bengaluru Urban),Namma Clinic Local PHC,PHC-LOCAL-01,BPL Slum Household,2026-10-08
NC-PHC-2026-0042,Rashmi Kamath,FEMALE,38,1987-12-28,9845011042,14-8291-4001-1042,"26, Shivananda Layout, Laggere, Bengaluru",Laggere Ward,68,West Zone,BBMP Central (Bengaluru Urban),Namma Clinic Local PHC,PHC-LOCAL-01,BPL Slum Household,2026-10-08
NC-PHC-2026-0043,Madhusudhan Rao,MALE,41,1984-12-21,9845011043,14-8291-4001-1043,"67, Laggere Main Road, Bengaluru",Laggere Ward,68,West Zone,BBMP Central (Bengaluru Urban),Namma Clinic Local PHC,PHC-LOCAL-01,BPL Slum Household,2026-10-08
NC-PHC-2026-0044,Divya Shenoy,FEMALE,23,2002-12-10,9845011044,14-8291-4001-1044,"37, Peenya Cross, Laggere, Bengaluru",Laggere Ward,68,West Zone,BBMP Central (Bengaluru Urban),Namma Clinic Local PHC,PHC-LOCAL-01,BPL Slum Household,2026-10-08
NC-PHC-2026-0045,Anil Kumar,MALE,36,1989-12-06,9845011045,14-8291-4001-1045,"19, Laggere Village Main Road, Bengaluru",Laggere Ward,68,West Zone,BBMP Central (Bengaluru Urban),Namma Clinic Local PHC,PHC-LOCAL-01,BPL Slum Household,2026-10-08
NC-PHC-2026-0046,Padma Sundaram,FEMALE,48,1977-12-02,9845011046,14-8291-4001-1046,"52, Parvathi Nagar Extension, Laggere, Bengaluru",Laggere Ward,68,West Zone,BBMP Central (Bengaluru Urban),Namma Clinic Local PHC,PHC-LOCAL-01,BPL Slum Household,2026-10-08
NC-PHC-2026-0047,Sunil Hegde,MALE,55,1970-11-27,9845011047,14-8291-4001-1047,"17, 3rd Main, Parvathi Nagar, Laggere, Bengaluru",Laggere Ward,68,West Zone,BBMP Central (Bengaluru Urban),Namma Clinic Local PHC,PHC-LOCAL-01,BPL Slum Household,2026-10-08
NC-PHC-2026-0048,Bharati Nayak,FEMALE,43,1982-11-17,9845011048,14-8291-4001-1048,"71, MEI Layout, Laggere, Bengaluru",Laggere Ward,68,West Zone,BBMP Central (Bengaluru Urban),Namma Clinic Local PHC,PHC-LOCAL-01,BPL Slum Household,2026-10-08
NC-PHC-2026-0049,Ashok Kulkarni,MALE,62,1963-11-15,9845011049,14-8291-4001-1049,"85, Chowdeshwari Nagar, Laggere, Bengaluru",Laggere Ward,68,West Zone,BBMP Central (Bengaluru Urban),Namma Clinic Local PHC,PHC-LOCAL-01,BPL Slum Household,2026-10-08
NC-PHC-2026-0050,Veena Prabhu,FEMALE,59,1966-11-07,9845011050,14-8291-4001-1050,"24, Kempegowda Extension, Laggere, Bengaluru",Laggere Ward,68,West Zone,BBMP Central (Bengaluru Urban),Namma Clinic Local PHC,PHC-LOCAL-01,BPL Slum Household,2026-10-08
NC-PHC-2026-0051,Prasanna Kumar,MALE,66,1959-11-02,9845011051,14-8291-4001-1051,"102, 100 Feet Road, Indiranagar, Bengaluru",Indiranagar Ward,12,East Zone,BBMP Central (Bengaluru Urban),Namma Clinic Local PHC,PHC-LOCAL-01,Low Income Group,2026-10-08
NC-PHC-2026-0052,Radhika Bhat,FEMALE,58,1967-10-24,9845011052,14-8291-4001-1052,"45, CMH Road, Indiranagar, Bengaluru",Indiranagar Ward,12,East Zone,BBMP Central (Bengaluru Urban),Namma Clinic Local PHC,PHC-LOCAL-01,Low Income Group,2026-10-08
NC-PHC-2026-0053,Nagaraj Gowda,MALE,70,1955-10-20,9845011053,14-8291-4001-1053,"78, Defense Colony, Indiranagar, Bengaluru",Indiranagar Ward,12,East Zone,BBMP Central (Bengaluru Urban),Namma Clinic Local PHC,PHC-LOCAL-01,Low Income Group,2026-10-08
NC-PHC-2026-0054,Swathi Rao,FEMALE,63,1962-10-11,9845011054,14-8291-4001-1054,"16, HAL 2nd Stage, Indiranagar, Bengaluru",Indiranagar Ward,12,East Zone,BBMP Central (Bengaluru Urban),Namma Clinic Local PHC,PHC-LOCAL-01,Low Income Group,2026-10-08
NC-PHC-2026-0055,Manjula Devi,FEMALE,33,1992-09-26,9845011055,14-8291-4001-1055,"12, MEI 4th Cross, Laggere, Bengaluru",Laggere Ward,68,West Zone,BBMP Central (Bengaluru Urban),Namma Clinic Local PHC,PHC-LOCAL-01,BPL Slum Household,2026-10-08
NC-PHC-2026-0056,Dayanand Sagar,MALE,41,1984-09-21,9845011056,14-8291-4001-1056,"48, Parvathi Nagar Cross, Laggere, Bengaluru",Laggere Ward,68,West Zone,BBMP Central (Bengaluru Urban),Namma Clinic Local PHC,PHC-LOCAL-01,BPL Slum Household,2026-10-08
NC-PHC-2026-0057,Shobha Shetty,FEMALE,28,1997-09-11,9845011057,14-8291-4001-1057,"69, Chowdeshwari Temple Road, Laggere, Bengaluru",Laggere Ward,68,West Zone,BBMP Central (Bengaluru Urban),Namma Clinic Local PHC,PHC-LOCAL-01,BPL Slum Household,2026-10-08
NC-PHC-2026-0058,Vinod Kumar,MALE,36,1989-09-06,9845011058,14-8291-4001-1058,"87, Kempegowda Main, Laggere, Bengaluru",Laggere Ward,68,West Zone,BBMP Central (Bengaluru Urban),Namma Clinic Local PHC,PHC-LOCAL-01,BPL Slum Household,2026-10-08
NC-PHC-2026-0059,Gayathri Joshi,FEMALE,47,1978-09-02,9845011059,14-8291-4001-1059,"34, Pipeline Slum Road, Laggere, Bengaluru",Laggere Ward,68,West Zone,BBMP Central (Bengaluru Urban),Namma Clinic Local PHC,PHC-LOCAL-01,BPL Slum Household,2026-10-08
NC-PHC-2026-0060,Prakash Bellary,MALE,52,1973-08-27,9845011060,14-8291-4001-1060,"59, Maruthi Nagar, Laggere, Bengaluru",Laggere Ward,68,West Zone,BBMP Central (Bengaluru Urban),Namma Clinic Local PHC,PHC-LOCAL-01,BPL Slum Household,2026-10-08
