Visit ID,Patient ID,Patient Name,Facility,Facility Code,OPD Date,Token Number,Visit Type,Priority,Current Queue,Status,Chief Complaint,Assigned Doctor,Arrival Time,Completed Time
VIS-PHC--20260715-0001,NC-PHC-2026-0001,Ramesh Gowda,Namma Clinic Local PHC,PHC-LOCAL-01,2026-07-15,1,GENERAL_OPD,NORMAL,COMPLETED,COMPLETED,Routine monthly NCD refill and blood pressure checkup,e2e_doctor_user,03:46:00,04:31:00
VIS-PHC--20260715-0002,NC-PHC-2026-0002,Ananya Bhat,Namma Clinic Local PHC,PHC-LOCAL-01,2026-07-15,2,GENERAL_OPD,NORMAL,COMPLETED,COMPLETED,Routine monthly NCD refill and blood pressure checkup,e2e_doctor_user,03:47:00,04:32:00
VIS-PHC--20260715-0003,NC-PHC-2026-0003,Suresh Hegde,Namma Clinic Local PHC,PHC-LOCAL-01,2026-07-15,3,GENERAL_OPD,NORMAL,COMPLETED,COMPLETED,Routine monthly NCD refill and blood pressure checkup,e2e_doctor_user,03:48:00,04:33:00
VIS-PHC--20260715-0004,NC-PHC-2026-0004,Deepa Rao,Namma Clinic Local PHC,PHC-LOCAL-01,2026-07-15,4,GENERAL_OPD,NORMAL,COMPLETED,COMPLETED,Routine monthly NCD refill and blood pressure checkup,e2e_doctor_user,03:49:00,04:34:00
VIS-PHC--20260715-0005,NC-PHC-2026-0005,Venkatesh Prasad,Namma Clinic Local PHC,PHC-LOCAL-01,2026-07-15,5,GENERAL_OPD,NORMAL,COMPLETED,COMPLETED,Routine monthly NCD refill and blood pressure checkup,e2e_doctor_user,03:50:00,04:35:00
VIS-PHC--20260715-0006,NC-PHC-2026-0006,Kavitha Kulkarni,Namma Clinic Local PHC,PHC-LOCAL-01,2026-07-15,6,GENERAL_OPD,NORMAL,COMPLETED,COMPLETED,Routine monthly NCD refill and blood pressure checkup,e2e_doctor_user,03:51:00,04:36:00
VIS-PHC--20260715-0007,NC-PHC-2026-0007,Basavaraj Nayak,Namma Clinic Local PHC,PHC-LOCAL-01,2026-07-15,7,GENERAL_OPD,NORMAL,COMPLETED,COMPLETED,Routine monthly NCD refill and blood pressure checkup,e2e_doctor_user,03:52:00,04:37:00
VIS-PHC--20260715-0008,NC-PHC-2026-0008,Pooja Shetty,Namma Clinic Local PHC,PHC-LOCAL-01,2026-07-15,8,GENERAL_OPD,NORMAL,COMPLETED,COMPLETED,Routine monthly NCD refill and blood pressure checkup,e2e_doctor_user,03:53:00,04:38:00
VIS-PHC--20260715-0009,NC-PHC-2026-0009,Manjunath Murthy,Namma Clinic Local PHC,PHC-LOCAL-01,2026-07-15,9,GENERAL_OPD,NORMAL,COMPLETED,COMPLETED,Routine monthly NCD refill and blood pressure checkup,e2e_doctor_user,03:54:00,04:39:00
VIS-PHC--20260715-0010,NC-PHC-2026-0010,Sunitha Deshmukh,Namma Clinic Local PHC,PHC-LOCAL-01,2026-07-15,10,GENERAL_OPD,NORMAL,COMPLETED,COMPLETED,Routine monthly NCD refill and blood pressure checkup,e2e_doctor_user,03:55:00,04:40:00
VIS-PHC--20260715-0011,NC-PHC-2026-0011,Chetan Patil,Namma Clinic Local PHC,PHC-LOCAL-01,2026-07-15,11,GENERAL_OPD,NORMAL,COMPLETED,COMPLETED,Routine monthly NCD refill and blood pressure checkup,e2e_doctor_user,03:56:00,04:41:00
VIS-PHC--20260715-0012,NC-PHC-2026-0012,Rekha Acharya,Namma Clinic Local PHC,PHC-LOCAL-01,2026-07-15,12,GENERAL_OPD,NORMAL,COMPLETED,COMPLETED,Routine monthly NCD refill and blood pressure checkup,e2e_doctor_user,03:57:00,04:42:00
VIS-PHC--20260715-0013,NC-PHC-2026-0013,Praveen Kumar,Namma Clinic Local PHC,PHC-LOCAL-01,2026-07-15,13,GENERAL_OPD,NORMAL,COMPLETED,COMPLETED,Routine monthly NCD refill and blood pressure checkup,e2e_doctor_user,03:58:00,04:43:00
VIS-PHC--20260715-0014,NC-PHC-2026-0014,Shwetha Joshi,Namma Clinic Local PHC,PHC-LOCAL-01,2026-07-15,14,GENERAL_OPD,NORMAL,COMPLETED,COMPLETED,Routine monthly NCD refill and blood pressure checkup,e2e_doctor_user,03:59:00,04:44:00
VIS-PHC--20260715-0015,NC-PHC-2026-0015,Anand Bellary,Namma Clinic Local PHC,PHC-LOCAL-01,2026-07-15,15,GENERAL_OPD,NORMAL,COMPLETED,COMPLETED,Routine monthly NCD refill and blood pressure checkup,e2e_doctor_user,04:00:00,04:45:00
VIS-PHC--20260715-0016,NC-PHC-2026-0016,Meenakshi Sundaram,Namma Clinic Local PHC,PHC-LOCAL-01,2026-07-15,16,GENERAL_OPD,NORMAL,COMPLETED,COMPLETED,Routine monthly NCD refill and blood pressure checkup,e2e_doctor_user,04:01:00,04:46:00
VIS-PHC--20260715-0017,NC-PHC-2026-0017,Raghavendra Rao,Namma Clinic Local PHC,PHC-LOCAL-01,2026-07-15,17,GENERAL_OPD,NORMAL,COMPLETED,COMPLETED,Routine monthly NCD refill and blood pressure checkup,e2e_doctor_user,04:02:00,04:47:00
VIS-PHC--20260715-0018,NC-PHC-2026-0018,Soumya Hegde,Namma Clinic Local PHC,PHC-LOCAL-01,2026-07-15,18,GENERAL_OPD,NORMAL,COMPLETED,COMPLETED,Routine monthly NCD refill and blood pressure checkup,e2e_doctor_user,04:03:00,04:48:00
VIS-PHC--20260715-0019,NC-PHC-2026-0019,Girish Kulkarni,Namma Clinic Local PHC,PHC-LOCAL-01,2026-07-15,19,GENERAL_OPD,NORMAL,COMPLETED,COMPLETED,Routine monthly NCD refill and blood pressure checkup,e2e_doctor_user,04:04:00,04:49:00
VIS-PHC--20260715-0020,NC-PHC-2026-0020,Roopa Nayak,Namma Clinic Local PHC,PHC-LOCAL-01,2026-07-15,20,GENERAL_OPD,NORMAL,COMPLETED,COMPLETED,Routine monthly NCD refill and blood pressure checkup,e2e_doctor_user,04:05:00,04:50:00
VIS-PHC--20260818-0001,NC-PHC-2026-0001,Ramesh Gowda,Namma Clinic Local PHC,PHC-LOCAL-01,2026-08-18,1,GENERAL_OPD,NORMAL,COMPLETED,COMPLETED,Routine monthly NCD refill and blood pressure checkup,e2e_doctor_user,03:46:00,04:31:00
VIS-PHC--20260818-0002,NC-PHC-2026-0002,Ananya Bhat,Namma Clinic Local PHC,PHC-LOCAL-01,2026-08-18,2,GENERAL_OPD,NORMAL,COMPLETED,COMPLETED,Routine monthly NCD refill and blood pressure checkup,e2e_doctor_user,03:47:00,04:32:00
VIS-PHC--20260818-0003,NC-PHC-2026-0003,Suresh Hegde,Namma Clinic Local PHC,PHC-LOCAL-01,2026-08-18,3,GENERAL_OPD,NORMAL,COMPLETED,COMPLETED,Routine monthly NCD refill and blood pressure checkup,e2e_doctor_user,03:48:00,04:33:00
VIS-PHC--20260818-0004,NC-PHC-2026-0004,Deepa Rao,Namma Clinic Local PHC,PHC-LOCAL-01,2026-08-18,4,GENERAL_OPD,NORMAL,COMPLETED,COMPLETED,Routine monthly NCD refill and blood pressure checkup,e2e_doctor_user,03:49:00,04:34:00
VIS-PHC--20260818-0005,NC-PHC-2026-0005,Venkatesh Prasad,Namma Clinic Local PHC,PHC-LOCAL-01,2026-08-18,5,GENERAL_OPD,NORMAL,COMPLETED,COMPLETED,Routine monthly NCD refill and blood pressure checkup,e2e_doctor_user,03:50:00,04:35:00
VIS-PHC--20260818-0006,NC-PHC-2026-0006,Kavitha Kulkarni,Namma Clinic Local PHC,PHC-LOCAL-01,2026-08-18,6,GENERAL_OPD,NORMAL,COMPLETED,COMPLETED,Routine monthly NCD refill and blood pressure checkup,e2e_doctor_user,03:51:00,04:36:00
VIS-PHC--20260818-0007,NC-PHC-2026-0007,Basavaraj Nayak,Namma Clinic Local PHC,PHC-LOCAL-01,2026-08-18,7,GENERAL_OPD,NORMAL,COMPLETED,COMPLETED,Routine monthly NCD refill and blood pressure checkup,e2e_doctor_user,03:52:00,04:37:00
VIS-PHC--20260818-0008,NC-PHC-2026-0008,Pooja Shetty,Namma Clinic Local PHC,PHC-LOCAL-01,2026-08-18,8,GENERAL_OPD,NORMAL,COMPLETED,COMPLETED,Routine monthly NCD refill and blood pressure checkup,e2e_doctor_user,03:53:00,04:38:00
VIS-PHC--20260818-0009,NC-PHC-2026-0009,Manjunath Murthy,Namma Clinic Local PHC,PHC-LOCAL-01,2026-08-18,9,GENERAL_OPD,NORMAL,COMPLETED,COMPLETED,Routine monthly NCD refill and blood pressure checkup,e2e_doctor_user,03:54:00,04:39:00
VIS-PHC--20260818-0010,NC-PHC-2026-0010,Sunitha Deshmukh,Namma Clinic Local PHC,PHC-LOCAL-01,2026-08-18,10,GENERAL_OPD,NORMAL,COMPLETED,COMPLETED,Routine monthly NCD refill and blood pressure checkup,e2e_doctor_user,03:55:00,04:40:00
VIS-PHC--20260818-0011,NC-PHC-2026-0011,Chetan Patil,Namma Clinic Local PHC,PHC-LOCAL-01,2026-08-18,11,GENERAL_OPD,NORMAL,COMPLETED,COMPLETED,Routine monthly NCD refill and blood pressure checkup,e2e_doctor_user,03:56:00,04:41:00
VIS-PHC--20260818-0012,NC-PHC-2026-0012,Rekha Acharya,Namma Clinic Local PHC,PHC-LOCAL-01,2026-08-18,12,GENERAL_OPD,NORMAL,COMPLETED,COMPLETED,Routine monthly NCD refill and blood pressure checkup,e2e_doctor_user,03:57:00,04:42:00
VIS-PHC--20260818-0013,NC-PHC-2026-0013,Praveen Kumar,Namma Clinic Local PHC,PHC-LOCAL-01,2026-08-18,13,GENERAL_OPD,NORMAL,COMPLETED,COMPLETED,Routine monthly NCD refill and blood pressure checkup,e2e_doctor_user,03:58:00,04:43:00
VIS-PHC--20260818-0014,NC-PHC-2026-0014,Shwetha Joshi,Namma Clinic Local PHC,PHC-LOCAL-01,2026-08-18,14,GENERAL_OPD,NORMAL,COMPLETED,COMPLETED,Routine monthly NCD refill and blood pressure checkup,e2e_doctor_user,03:59:00,04:44:00
VIS-PHC--20260818-0015,NC-PHC-2026-0015,Anand Bellary,Namma Clinic Local PHC,PHC-LOCAL-01,2026-08-18,15,GENERAL_OPD,NORMAL,COMPLETED,COMPLETED,Routine monthly NCD refill and blood pressure checkup,e2e_doctor_user,04:00:00,04:45:00
VIS-PHC--20260818-0016,NC-PHC-2026-0016,Meenakshi Sundaram,Namma Clinic Local PHC,PHC-LOCAL-01,2026-08-18,16,GENERAL_OPD,NORMAL,COMPLETED,COMPLETED,Routine monthly NCD refill and blood pressure checkup,e2e_doctor_user,04:01:00,04:46:00
VIS-PHC--20260818-0017,NC-PHC-2026-0017,Raghavendra Rao,Namma Clinic Local PHC,PHC-LOCAL-01,2026-08-18,17,GENERAL_OPD,NORMAL,COMPLETED,COMPLETED,Routine monthly NCD refill and blood pressure checkup,e2e_doctor_user,04:02:00,04:47:00
VIS-PHC--20260818-0018,NC-PHC-2026-0018,Soumya Hegde,Namma Clinic Local PHC,PHC-LOCAL-01,2026-08-18,18,GENERAL_OPD,NORMAL,COMPLETED,COMPLETED,Routine monthly NCD refill and blood pressure checkup,e2e_doctor_user,04:03:00,04:48:00
VIS-PHC--20260818-0019,NC-PHC-2026-0019,Girish Kulkarni,Namma Clinic Local PHC,PHC-LOCAL-01,2026-08-18,19,GENERAL_OPD,NORMAL,COMPLETED,COMPLETED,Routine monthly NCD refill and blood pressure checkup,e2e_doctor_user,04:04:00,04:49:00
VIS-PHC--20260818-0020,NC-PHC-2026-0020,Roopa Nayak,Namma Clinic Local PHC,PHC-LOCAL-01,2026-08-18,20,GENERAL_OPD,NORMAL,COMPLETED,COMPLETED,Routine monthly NCD refill and blood pressure checkup,e2e_doctor_user,04:05:00,04:50:00
VIS-PHC--20260920-0001,NC-PHC-2026-0001,Ramesh Gowda,Namma Clinic Local PHC,PHC-LOCAL-01,2026-09-20,1,GENERAL_OPD,NORMAL,COMPLETED,COMPLETED,Routine monthly NCD refill and blood pressure checkup,e2e_doctor_user,03:46:00,04:31:00
VIS-PHC--20260920-0002,NC-PHC-2026-0002,Ananya Bhat,Namma Clinic Local PHC,PHC-LOCAL-01,2026-09-20,2,GENERAL_OPD,NORMAL,COMPLETED,COMPLETED,Routine monthly NCD refill and blood pressure checkup,e2e_doctor_user,03:47:00,04:32:00
VIS-PHC--20260920-0003,NC-PHC-2026-0003,Suresh Hegde,Namma Clinic Local PHC,PHC-LOCAL-01,2026-09-20,3,GENERAL_OPD,NORMAL,COMPLETED,COMPLETED,Routine monthly NCD refill and blood pressure checkup,e2e_doctor_user,03:48:00,04:33:00
VIS-PHC--20260920-0004,NC-PHC-2026-0004,Deepa Rao,Namma Clinic Local PHC,PHC-LOCAL-01,2026-09-20,4,GENERAL_OPD,NORMAL,COMPLETED,COMPLETED,Routine monthly NCD refill and blood pressure checkup,e2e_doctor_user,03:49:00,04:34:00
VIS-PHC--20260920-0005,NC-PHC-2026-0005,Venkatesh Prasad,Namma Clinic Local PHC,PHC-LOCAL-01,2026-09-20,5,GENERAL_OPD,NORMAL,COMPLETED,COMPLETED,Routine monthly NCD refill and blood pressure checkup,e2e_doctor_user,03:50:00,04:35:00
VIS-PHC--20260920-0006,NC-PHC-2026-0006,Kavitha Kulkarni,Namma Clinic Local PHC,PHC-LOCAL-01,2026-09-20,6,GENERAL_OPD,NORMAL,COMPLETED,COMPLETED,Routine monthly NCD refill and blood pressure checkup,e2e_doctor_user,03:51:00,04:36:00
VIS-PHC--20260920-0007,NC-PHC-2026-0007,Basavaraj Nayak,Namma Clinic Local PHC,PHC-LOCAL-01,2026-09-20,7,GENERAL_OPD,NORMAL,COMPLETED,COMPLETED,Routine monthly NCD refill and blood pressure checkup,e2e_doctor_user,03:52:00,04:37:00
VIS-PHC--20260920-0008,NC-PHC-2026-0008,Pooja Shetty,Namma Clinic Local PHC,PHC-LOCAL-01,2026-09-20,8,GENERAL_OPD,NORMAL,COMPLETED,COMPLETED,Routine monthly NCD refill and blood pressure checkup,e2e_doctor_user,03:53:00,04:38:00
VIS-PHC--20260920-0009,NC-PHC-2026-0009,Manjunath Murthy,Namma Clinic Local PHC,PHC-LOCAL-01,2026-09-20,9,GENERAL_OPD,NORMAL,COMPLETED,COMPLETED,Routine monthly NCD refill and blood pressure checkup,e2e_doctor_user,03:54:00,04:39:00
VIS-PHC--20260920-0010,NC-PHC-2026-0010,Sunitha Deshmukh,Namma Clinic Local PHC,PHC-LOCAL-01,2026-09-20,10,GENERAL_OPD,NORMAL,COMPLETED,COMPLETED,Routine monthly NCD refill and blood pressure checkup,e2e_doctor_user,03:55:00,04:40:00
VIS-PHC--20260920-0011,NC-PHC-2026-0011,Chetan Patil,Namma Clinic Local PHC,PHC-LOCAL-01,2026-09-20,11,GENERAL_OPD,NORMAL,COMPLETED,COMPLETED,Routine monthly NCD refill and blood pressure checkup,e2e_doctor_user,03:56:00,04:41:00
VIS-PHC--20260920-0012,NC-PHC-2026-0012,Rekha Acharya,Namma Clinic Local PHC,PHC-LOCAL-01,2026-09-20,12,GENERAL_OPD,NORMAL,COMPLETED,COMPLETED,Routine monthly NCD refill and blood pressure checkup,e2e_doctor_user,03:57:00,04:42:00
VIS-PHC--20260920-0013,NC-PHC-2026-0013,Praveen Kumar,Namma Clinic Local PHC,PHC-LOCAL-01,2026-09-20,13,GENERAL_OPD,NORMAL,COMPLETED,COMPLETED,Routine monthly NCD refill and blood pressure checkup,e2e_doctor_user,03:58:00,04:43:00
VIS-PHC--20260920-0014,NC-PHC-2026-0014,Shwetha Joshi,Namma Clinic Local PHC,PHC-LOCAL-01,2026-09-20,14,GENERAL_OPD,NORMAL,COMPLETED,COMPLETED,Routine monthly NCD refill and blood pressure checkup,e2e_doctor_user,03:59:00,04:44:00
VIS-PHC--20260920-0015,NC-PHC-2026-0015,Anand Bellary,Namma Clinic Local PHC,PHC-LOCAL-01,2026-09-20,15,GENERAL_OPD,NORMAL,COMPLETED,COMPLETED,Routine monthly NCD refill and blood pressure checkup,e2e_doctor_user,04:00:00,04:45:00
VIS-PHC--20260920-0016,NC-PHC-2026-0016,Meenakshi Sundaram,Namma Clinic Local PHC,PHC-LOCAL-01,2026-09-20,16,GENERAL_OPD,NORMAL,COMPLETED,COMPLETED,Routine monthly NCD refill and blood pressure checkup,e2e_doctor_user,04:01:00,04:46:00
VIS-PHC--20260920-0017,NC-PHC-2026-0017,Raghavendra Rao,Namma Clinic Local PHC,PHC-LOCAL-01,2026-09-20,17,GENERAL_OPD,NORMAL,COMPLETED,COMPLETED,Routine monthly NCD refill and blood pressure checkup,e2e_doctor_user,04:02:00,04:47:00
VIS-PHC--20260920-0018,NC-PHC-2026-0018,Soumya Hegde,Namma Clinic Local PHC,PHC-LOCAL-01,2026-09-20,18,GENERAL_OPD,NORMAL,COMPLETED,COMPLETED,Routine monthly NCD refill and blood pressure checkup,e2e_doctor_user,04:03:00,04:48:00
VIS-PHC--20260920-0019,NC-PHC-2026-0019,Girish Kulkarni,Namma Clinic Local PHC,PHC-LOCAL-01,2026-09-20,19,GENERAL_OPD,NORMAL,COMPLETED,COMPLETED,Routine monthly NCD refill and blood pressure checkup,e2e_doctor_user,04:04:00,04:49:00
VIS-PHC--20260920-0020,NC-PHC-2026-0020,Roopa Nayak,Namma Clinic Local PHC,PHC-LOCAL-01,2026-09-20,20,GENERAL_OPD,NORMAL,COMPLETED,COMPLETED,Routine monthly NCD refill and blood pressure checkup,e2e_doctor_user,04:05:00,04:50:00
VIS-PHC--20260929-0001,NC-PHC-2026-0047,Sunil Hegde,Namma Clinic Local PHC,PHC-LOCAL-01,2026-09-29,1,GENERAL_OPD,HIGH,COMPLETED,COMPLETED,"Referral evaluation: Dengue Fever with Falling Platelets (< 50,000 /mcL) and Petechial Rash",e2e_doctor_user,03:46:00,04:31:00
VIS-PHC--20260930-0001,NC-PHC-2026-0048,Bharati Nayak,Namma Clinic Local PHC,PHC-LOCAL-01,2026-09-30,1,GENERAL_OPD,NORMAL,COMPLETED,COMPLETED,Referral evaluation: Suspected Acute Appendicitis with Right Iliac Fossa Rebound Tenderness,e2e_doctor_user,03:46:00,04:31:00
VIS-PHC--20261001-0001,NC-PHC-2026-0026,Archana Kulkarni,Namma Clinic Local PHC,PHC-LOCAL-01,2026-10-01,1,GENERAL_OPD,NORMAL,COMPLETED,COMPLETED,"Step-ladder pattern fever, malaise, chills and dry cough for 6 days",e2e_doctor_user,03:46:00,04:31:00
VIS-PHC--20261001-0002,NC-PHC-2026-0049,Ashok Kulkarni,Namma Clinic Local PHC,PHC-LOCAL-01,2026-10-01,2,GENERAL_OPD,NORMAL,COMPLETED,COMPLETED,Referral evaluation: Resistant Grade 3 Hypertension with Fundus Changes (Retinopathy),e2e_doctor_user,03:47:00,04:32:00
VIS-PHC--20261002-0001,NC-PHC-2026-0027,Santosh Gowda,Namma Clinic Local PHC,PHC-LOCAL-01,2026-10-02,1,GENERAL_OPD,NORMAL,COMPLETED,COMPLETED,"Continuous high fever for 4 days with severe headache, retro-orbital pain and backache",e2e_doctor_user,03:46:00,04:31:00
VIS-PHC--20261002-0002,NC-PHC-2026-0050,Veena Prabhu,Namma Clinic Local PHC,PHC-LOCAL-01,2026-10-02,2,GENERAL_OPD,NORMAL,COMPLETED,COMPLETED,Referral evaluation: Uncontrolled Diabetes with Grade 2 Wagner Diabetic Foot Ulcer,e2e_doctor_user,03:47:00,04:32:00
VIS-PHC--20261003-0001,NC-PHC-2026-0021,Ravi Kumar,Namma Clinic Local PHC,PHC-LOCAL-01,2026-10-03,1,GENERAL_OPD,NORMAL,COMPLETED,COMPLETED,"Continuous high fever for 4 days with severe headache, retro-orbital pain and backache",e2e_doctor_user,03:46:00,04:31:00
VIS-PHC--20261003-0002,NC-PHC-2026-0028,Vidya Shankar,Namma Clinic Local PHC,PHC-LOCAL-01,2026-10-03,2,GENERAL_OPD,NORMAL,COMPLETED,COMPLETED,"Acute watery diarrhea and vomiting, dehydration symptoms",e2e_doctor_user,03:47:00,04:32:00
VIS-PHC--20261003-0003,NC-PHC-2026-0037,Chandrakanth Patil,Namma Clinic Local PHC,PHC-LOCAL-01,2026-10-03,3,GENERAL_OPD,NORMAL,COMPLETED,COMPLETED,Itchy erythematous rash on forearms and neck,e2e_doctor_user,03:48:00,04:33:00
VIS-PHC--20261003-0004,NC-PHC-2026-0042,Rashmi Kamath,Namma Clinic Local PHC,PHC-LOCAL-01,2026-10-03,4,GENERAL_OPD,NORMAL,COMPLETED,COMPLETED,"Sore throat, runny nose and mild dry cough for 3 days",e2e_doctor_user,03:49:00,04:34:00
VIS-PHC--20261003-0005,NC-PHC-2026-0051,Prasanna Kumar,Namma Clinic Local PHC,PHC-LOCAL-01,2026-10-03,5,GENERAL_OPD,NORMAL,COMPLETED,COMPLETED,Referral evaluation: Diabetic Nephropathy Stage 3 with Elevated Serum Creatinine (2.4 mg/dL),e2e_doctor_user,03:50:00,04:35:00
VIS-PHC--20261004-0001,NC-PHC-2026-0022,Preeti Shenoy,Namma Clinic Local PHC,PHC-LOCAL-01,2026-10-04,1,GENERAL_OPD,NORMAL,COMPLETED,COMPLETED,"Step-ladder pattern fever, malaise, chills and dry cough for 6 days",e2e_doctor_user,03:46:00,04:31:00
VIS-PHC--20261004-0002,NC-PHC-2026-0029,Harish Reddy,Namma Clinic Local PHC,PHC-LOCAL-01,2026-10-04,2,GENERAL_OPD,NORMAL,COMPLETED,COMPLETED,"Step-ladder pattern fever, malaise, chills and dry cough for 6 days",e2e_doctor_user,03:47:00,04:32:00
VIS-PHC--20261004-0003,NC-PHC-2026-0033,Shivakumar Swamy,Namma Clinic Local PHC,PHC-LOCAL-01,2026-10-04,3,GENERAL_OPD,NORMAL,COMPLETED,COMPLETED,"Sore throat, runny nose and mild dry cough for 3 days",e2e_doctor_user,03:48:00,04:33:00
VIS-PHC--20261004-0004,NC-PHC-2026-0038,Shilpa Kulkarni,Namma Clinic Local PHC,PHC-LOCAL-01,2026-10-04,4,GENERAL_OPD,NORMAL,COMPLETED,COMPLETED,"Generalized fatigue, weakness and pale conjunctiva",e2e_doctor_user,03:49:00,04:34:00
VIS-PHC--20261004-0005,NC-PHC-2026-0043,Madhusudhan Rao,Namma Clinic Local PHC,PHC-LOCAL-01,2026-10-04,5,GENERAL_OPD,NORMAL,COMPLETED,COMPLETED,"Productive cough with white sputum, chest congestion",e2e_doctor_user,03:50:00,04:35:00
VIS-PHC--20261004-0006,NC-PHC-2026-0052,Radhika Bhat,Namma Clinic Local PHC,PHC-LOCAL-01,2026-10-04,6,GENERAL_OPD,NORMAL,COMPLETED,COMPLETED,Referral evaluation: Atypical Angina Pectoris on Exertion - Cardiology Evaluation,e2e_doctor_user,03:51:00,04:36:00
VIS-PHC--20261005-0001,NC-PHC-2026-0023,Vijay Patil,Namma Clinic Local PHC,PHC-LOCAL-01,2026-10-05,1,GENERAL_OPD,NORMAL,COMPLETED,COMPLETED,High fever with chills and profuse sweating occurring on alternate days,e2e_doctor_user,03:46:00,04:31:00
VIS-PHC--20261005-0002,NC-PHC-2026-0030,Nalini Hegde,Namma Clinic Local PHC,PHC-LOCAL-01,2026-10-05,2,GENERAL_OPD,NORMAL,COMPLETED,COMPLETED,High fever with chills and profuse sweating occurring on alternate days,e2e_doctor_user,03:47:00,04:32:00
VIS-PHC--20261005-0003,NC-PHC-2026-0034,Usha Devi,Namma Clinic Local PHC,PHC-LOCAL-01,2026-10-05,3,GENERAL_OPD,NORMAL,COMPLETED,COMPLETED,"Productive cough with white sputum, chest congestion",e2e_doctor_user,03:48:00,04:33:00
VIS-PHC--20261005-0004,NC-PHC-2026-0039,Naveen Gowda,Namma Clinic Local PHC,PHC-LOCAL-01,2026-10-05,4,GENERAL_OPD,NORMAL,COMPLETED,COMPLETED,"Sore throat, runny nose and mild dry cough for 3 days",e2e_doctor_user,03:49:00,04:34:00
VIS-PHC--20261005-0005,NC-PHC-2026-0044,Divya Shenoy,Namma Clinic Local PHC,PHC-LOCAL-01,2026-10-05,5,GENERAL_OPD,NORMAL,COMPLETED,COMPLETED,"Generalized fatigue, weakness and pale conjunctiva",e2e_doctor_user,03:50:00,04:35:00
VIS-PHC--20261005-0006,NC-PHC-2026-0053,Nagaraj Gowda,Namma Clinic Local PHC,PHC-LOCAL-01,2026-10-05,6,GENERAL_OPD,NORMAL,COMPLETED,COMPLETED,Referral evaluation: Chronic Productive Cough with Exertional Dyspnea - Pulmonology Review,e2e_doctor_user,03:51:00,04:36:00
VIS-PHC--20261006-0001,NC-PHC-2026-0024,Geetha Raman,Namma Clinic Local PHC,PHC-LOCAL-01,2026-10-06,1,GENERAL_OPD,NORMAL,COMPLETED,COMPLETED,"Acute watery diarrhea and vomiting, dehydration symptoms",e2e_doctor_user,03:46:00,04:31:00
VIS-PHC--20261006-0002,NC-PHC-2026-0031,Kiran Acharya,Namma Clinic Local PHC,PHC-LOCAL-01,2026-10-06,2,GENERAL_OPD,NORMAL,COMPLETED,COMPLETED,"Acute watery diarrhea and vomiting, dehydration symptoms",e2e_doctor_user,03:47:00,04:32:00
VIS-PHC--20261006-0003,NC-PHC-2026-0035,Mahesh Prabhu,Namma Clinic Local PHC,PHC-LOCAL-01,2026-10-06,3,GENERAL_OPD,NORMAL,COMPLETED,COMPLETED,"Burning epigastric pain, acid reflux after meals",e2e_doctor_user,03:48:00,04:33:00
VIS-PHC--20261006-0004,NC-PHC-2026-0040,Deepthi Bhat,Namma Clinic Local PHC,PHC-LOCAL-01,2026-10-06,4,GENERAL_OPD,NORMAL,COMPLETED,COMPLETED,"Burning epigastric pain, acid reflux after meals",e2e_doctor_user,03:49:00,04:34:00
VIS-PHC--20261006-0005,NC-PHC-2026-0045,Anil Kumar,Namma Clinic Local PHC,PHC-LOCAL-01,2026-10-06,5,GENERAL_OPD,NORMAL,COMPLETED,COMPLETED,"Sore throat, runny nose and mild dry cough for 3 days",e2e_doctor_user,03:50:00,04:35:00
VIS-PHC--20261006-0006,NC-PHC-2026-0054,Swathi Rao,Namma Clinic Local PHC,PHC-LOCAL-01,2026-10-06,6,GENERAL_OPD,NORMAL,COMPLETED,COMPLETED,Referral evaluation: Severe Tricompartmental Osteoarthritis Knee - Orthopedic Arthroplasty Review,e2e_doctor_user,03:51:00,04:36:00
VIS-PHC--20261007-0001,NC-PHC-2026-0025,Mohan Bhat,Namma Clinic Local PHC,PHC-LOCAL-01,2026-10-07,1,GENERAL_OPD,NORMAL,COMPLETED,COMPLETED,"Continuous high fever for 4 days with severe headache, retro-orbital pain and backache",e2e_doctor_user,03:46:00,04:31:00
VIS-PHC--20261007-0002,NC-PHC-2026-0032,Bhavana Rao,Namma Clinic Local PHC,PHC-LOCAL-01,2026-10-07,2,GENERAL_OPD,NORMAL,COMPLETED,COMPLETED,"Continuous high fever for 4 days with severe headache, retro-orbital pain and backache",e2e_doctor_user,03:47:00,04:32:00
VIS-PHC--20261007-0003,NC-PHC-2026-0036,Suma Shetty,Namma Clinic Local PHC,PHC-LOCAL-01,2026-10-07,3,GENERAL_OPD,NORMAL,COMPLETED,COMPLETED,Bilateral knee joint stiffness and pain during walking,e2e_doctor_user,03:48:00,04:33:00
VIS-PHC--20261007-0004,NC-PHC-2026-0041,Jagadeesh Murthy,Namma Clinic Local PHC,PHC-LOCAL-01,2026-10-07,4,GENERAL_OPD,NORMAL,COMPLETED,COMPLETED,Bilateral knee joint stiffness and pain during walking,e2e_doctor_user,03:49:00,04:34:00
VIS-PHC--20261007-0005,NC-PHC-2026-0046,Padma Sundaram,Namma Clinic Local PHC,PHC-LOCAL-01,2026-10-07,5,GENERAL_OPD,NORMAL,COMPLETED,COMPLETED,Bilateral knee joint stiffness and pain during walking,e2e_doctor_user,03:50:00,04:35:00
VIS-PHC--20261008-0001,NC-PHC-2026-0055,Manjula Devi,Namma Clinic Local PHC,PHC-LOCAL-01,2026-10-08,1,GENERAL_OPD,NORMAL,TRIAGE,WAITING_FOR_TRIAGE,"Front desk intake: Fever, headache and mild throat irritation",e2e_doctor_user,03:46:00,
VIS-PHC--20261008-0002,NC-PHC-2026-0056,Dayanand Sagar,Namma Clinic Local PHC,PHC-LOCAL-01,2026-10-08,2,GENERAL_OPD,NORMAL,TRIAGE,WAITING_FOR_TRIAGE,"Front desk intake: Fever, headache and mild throat irritation",e2e_doctor_user,03:47:00,
VIS-PHC--20261008-0003,NC-PHC-2026-0057,Shobha Shetty,Namma Clinic Local PHC,PHC-LOCAL-01,2026-10-08,3,GENERAL_OPD,NORMAL,TRIAGE,WAITING_FOR_TRIAGE,"Front desk intake: Fever, headache and mild throat irritation",e2e_doctor_user,03:48:00,
VIS-PHC--20261008-0004,NC-PHC-2026-0058,Vinod Kumar,Namma Clinic Local PHC,PHC-LOCAL-01,2026-10-08,4,GENERAL_OPD,NORMAL,DOCTOR,WAITING_FOR_DOCTOR,Nurse triage completed: Moderate back pain and general body aches,e2e_doctor_user,03:49:00,
VIS-PHC--20261008-0005,NC-PHC-2026-0059,Gayathri Joshi,Namma Clinic Local PHC,PHC-LOCAL-01,2026-10-08,5,GENERAL_OPD,NORMAL,DOCTOR,WAITING_FOR_DOCTOR,Nurse triage completed: Moderate back pain and general body aches,e2e_doctor_user,03:50:00,
VIS-PHC--20261008-0006,NC-PHC-2026-0060,Prakash Bellary,Namma Clinic Local PHC,PHC-LOCAL-01,2026-10-08,6,GENERAL_OPD,NORMAL,DOCTOR,WAITING_FOR_DOCTOR,Nurse triage completed: Moderate back pain and general body aches,e2e_doctor_user,03:51:00,
VIS-PHC--20261008-0007,NC-PHC-2026-0001,Ramesh Gowda,Namma Clinic Local PHC,PHC-LOCAL-01,2026-10-08,7,GENERAL_OPD,NORMAL,LAB,LAB_PENDING,Doctor consultation conducted: Blood investigation ordered and specimen drawn,e2e_doctor_user,03:52:00,
VIS-PHC--20261008-0008,NC-PHC-2026-0021,Ravi Kumar,Namma Clinic Local PHC,PHC-LOCAL-01,2026-10-08,8,GENERAL_OPD,NORMAL,LAB,LAB_PENDING,Doctor consultation conducted: Blood investigation ordered and specimen drawn,e2e_doctor_user,03:53:00,
VIS-PHC--20261008-0009,NC-PHC-2026-0002,Ananya Bhat,Namma Clinic Local PHC,PHC-LOCAL-01,2026-10-08,9,GENERAL_OPD,NORMAL,PHARMACY,WAITING_FOR_PHARMACY,"Consultation finished: Prescription issued, waiting at medicine dispensary window",e2e_doctor_user,03:54:00,
VIS-PHC--20261008-0010,NC-PHC-2026-0022,Preeti Shenoy,Namma Clinic Local PHC,PHC-LOCAL-01,2026-10-08,10,GENERAL_OPD,NORMAL,PHARMACY,WAITING_FOR_PHARMACY,"Consultation finished: Prescription issued, waiting at medicine dispensary window",e2e_doctor_user,03:55:00,
VIS-PHC--20261008-0011,NC-PHC-2026-0003,Suresh Hegde,Namma Clinic Local PHC,PHC-LOCAL-01,2026-10-08,11,GENERAL_OPD,NORMAL,COMPLETED,COMPLETED,"Morning OPD completed: Full journey through triage, consult, lab and pharmacy",e2e_doctor_user,03:56:00,04:41:00
VIS-PHC--20261008-0012,NC-PHC-2026-0004,Deepa Rao,Namma Clinic Local PHC,PHC-LOCAL-01,2026-10-08,12,GENERAL_OPD,NORMAL,COMPLETED,COMPLETED,"Morning OPD completed: Full journey through triage, consult, lab and pharmacy",e2e_doctor_user,03:57:00,04:42:00
VIS-PHC--20261008-0013,NC-PHC-2026-0033,Shivakumar Swamy,Namma Clinic Local PHC,PHC-LOCAL-01,2026-10-08,13,GENERAL_OPD,NORMAL,COMPLETED,COMPLETED,"Morning OPD completed: Full journey through triage, consult, lab and pharmacy",e2e_doctor_user,03:58:00,04:43:00
VIS-PHC--20261008-0014,NC-PHC-2026-0034,Usha Devi,Namma Clinic Local PHC,PHC-LOCAL-01,2026-10-08,14,GENERAL_OPD,NORMAL,COMPLETED,COMPLETED,"Morning OPD completed: Full journey through triage, consult, lab and pharmacy",e2e_doctor_user,03:59:00,04:44:00
