Visit ID,Patient ID,Patient Name,Nurse,Systolic BP,Diastolic BP,BP (mmHg),Pulse (bpm),Temp (F),SpO2 (%),Respiratory Rate,Height (cm),Weight (kg),BMI,Blood Glucose (mg/dL),Nurse Notes,Recorded At
VIS-PHC--20260715-0001,NC-PHC-2026-0001,Ramesh Gowda,e2e_nurse_user,149,95,149/95,76,98.4,98,18,165.0,68.0,25.0,159,"Patient conscious, alert. Routine vitals recorded.",2026-10-08 06:55:35
VIS-PHC--20260818-0001,NC-PHC-2026-0001,Ramesh Gowda,e2e_nurse_user,143,91,143/91,76,98.4,98,18,165.0,68.0,25.0,147,"Patient conscious, alert. Routine vitals recorded.",2026-10-08 06:55:35
VIS-PHC--20260920-0001,NC-PHC-2026-0001,Ramesh Gowda,e2e_nurse_user,137,87,137/87,76,98.4,98,18,165.0,68.0,25.0,135,"Patient conscious, alert. Routine vitals recorded.",2026-10-08 06:55:35
VIS-PHC--20260715-0002,NC-PHC-2026-0002,Ananya Bhat,e2e_nurse_user,150,96,150/96,76,98.4,98,18,165.0,68.0,25.0,160,"Patient conscious, alert. Routine vitals recorded.",2026-10-08 06:55:35
VIS-PHC--20260818-0002,NC-PHC-2026-0002,Ananya Bhat,e2e_nurse_user,144,92,144/92,76,98.4,98,18,165.0,68.0,25.0,148,"Patient conscious, alert. Routine vitals recorded.",2026-10-08 06:55:35
VIS-PHC--20260920-0002,NC-PHC-2026-0002,Ananya Bhat,e2e_nurse_user,138,88,138/88,76,98.4,98,18,165.0,68.0,25.0,136,"Patient conscious, alert. Routine vitals recorded.",2026-10-08 06:55:35
VIS-PHC--20260715-0003,NC-PHC-2026-0003,Suresh Hegde,e2e_nurse_user,151,94,151/94,76,98.4,98,18,165.0,68.0,25.0,161,"Patient conscious, alert. Routine vitals recorded.",2026-10-08 06:55:35
VIS-PHC--20260818-0003,NC-PHC-2026-0003,Suresh Hegde,e2e_nurse_user,145,90,145/90,76,98.4,98,18,165.0,68.0,25.0,149,"Patient conscious, alert. Routine vitals recorded.",2026-10-08 06:55:36
VIS-PHC--20260920-0003,NC-PHC-2026-0003,Suresh Hegde,e2e_nurse_user,139,86,139/86,76,98.4,98,18,165.0,68.0,25.0,137,"Patient conscious, alert. Routine vitals recorded.",2026-10-08 06:55:36
VIS-PHC--20260715-0004,NC-PHC-2026-0004,Deepa Rao,e2e_nurse_user,152,95,152/95,76,98.4,98,18,165.0,68.0,25.0,162,"Patient conscious, alert. Routine vitals recorded.",2026-10-08 06:55:36
VIS-PHC--20260818-0004,NC-PHC-2026-0004,Deepa Rao,e2e_nurse_user,146,91,146/91,76,98.4,98,18,165.0,68.0,25.0,150,"Patient conscious, alert. Routine vitals recorded.",2026-10-08 06:55:36
VIS-PHC--20260920-0004,NC-PHC-2026-0004,Deepa Rao,e2e_nurse_user,140,87,140/87,76,98.4,98,18,165.0,68.0,25.0,138,"Patient conscious, alert. Routine vitals recorded.",2026-10-08 06:55:36
VIS-PHC--20260715-0005,NC-PHC-2026-0005,Venkatesh Prasad,e2e_nurse_user,148,96,148/96,76,98.4,98,18,165.0,68.0,25.0,163,"Patient conscious, alert. Routine vitals recorded.",2026-10-08 06:55:36
VIS-PHC--20260818-0005,NC-PHC-2026-0005,Venkatesh Prasad,e2e_nurse_user,142,92,142/92,76,98.4,98,18,165.0,68.0,25.0,151,"Patient conscious, alert. Routine vitals recorded.",2026-10-08 06:55:36
VIS-PHC--20260920-0005,NC-PHC-2026-0005,Venkatesh Prasad,e2e_nurse_user,136,88,136/88,76,98.4,98,18,165.0,68.0,25.0,139,"Patient conscious, alert. Routine vitals recorded.",2026-10-08 06:55:36
VIS-PHC--20260715-0006,NC-PHC-2026-0006,Kavitha Kulkarni,e2e_nurse_user,149,94,149/94,76,98.4,98,18,165.0,68.0,25.0,164,"Patient conscious, alert. Routine vitals recorded.",2026-10-08 06:55:36
VIS-PHC--20260818-0006,NC-PHC-2026-0006,Kavitha Kulkarni,e2e_nurse_user,143,90,143/90,76,98.4,98,18,165.0,68.0,25.0,152,"Patient conscious, alert. Routine vitals recorded.",2026-10-08 06:55:36
VIS-PHC--20260920-0006,NC-PHC-2026-0006,Kavitha Kulkarni,e2e_nurse_user,137,86,137/86,76,98.4,98,18,165.0,68.0,25.0,140,"Patient conscious, alert. Routine vitals recorded.",2026-10-08 06:55:36
VIS-PHC--20260715-0007,NC-PHC-2026-0007,Basavaraj Nayak,e2e_nurse_user,150,95,150/95,76,98.4,98,18,165.0,68.0,25.0,165,"Patient conscious, alert. Routine vitals recorded.",2026-10-08 06:55:36
VIS-PHC--20260818-0007,NC-PHC-2026-0007,Basavaraj Nayak,e2e_nurse_user,144,91,144/91,76,98.4,98,18,165.0,68.0,25.0,153,"Patient conscious, alert. Routine vitals recorded.",2026-10-08 06:55:36
VIS-PHC--20260920-0007,NC-PHC-2026-0007,Basavaraj Nayak,e2e_nurse_user,138,87,138/87,76,98.4,98,18,165.0,68.0,25.0,141,"Patient conscious, alert. Routine vitals recorded.",2026-10-08 06:55:36
VIS-PHC--20260715-0008,NC-PHC-2026-0008,Pooja Shetty,e2e_nurse_user,151,96,151/96,76,98.4,98,18,165.0,68.0,25.0,158,"Patient conscious, alert. Routine vitals recorded.",2026-10-08 06:55:36
VIS-PHC--20260818-0008,NC-PHC-2026-0008,Pooja Shetty,e2e_nurse_user,145,92,145/92,76,98.4,98,18,165.0,68.0,25.0,146,"Patient conscious, alert. Routine vitals recorded.",2026-10-08 06:55:36
VIS-PHC--20260920-0008,NC-PHC-2026-0008,Pooja Shetty,e2e_nurse_user,139,88,139/88,76,98.4,98,18,165.0,68.0,25.0,134,"Patient conscious, alert. Routine vitals recorded.",2026-10-08 06:55:36
VIS-PHC--20260715-0009,NC-PHC-2026-0009,Manjunath Murthy,e2e_nurse_user,152,94,152/94,76,98.4,98,18,165.0,68.0,25.0,159,"Patient conscious, alert. Routine vitals recorded.",2026-10-08 06:55:36
VIS-PHC--20260818-0009,NC-PHC-2026-0009,Manjunath Murthy,e2e_nurse_user,146,90,146/90,76,98.4,98,18,165.0,68.0,25.0,147,"Patient conscious, alert. Routine vitals recorded.",2026-10-08 06:55:36
VIS-PHC--20260920-0009,NC-PHC-2026-0009,Manjunath Murthy,e2e_nurse_user,140,86,140/86,76,98.4,98,18,165.0,68.0,25.0,135,"Patient conscious, alert. Routine vitals recorded.",2026-10-08 06:55:36
VIS-PHC--20260715-0010,NC-PHC-2026-0010,Sunitha Deshmukh,e2e_nurse_user,148,95,148/95,76,98.4,98,18,165.0,68.0,25.0,160,"Patient conscious, alert. Routine vitals recorded.",2026-10-08 06:55:36
VIS-PHC--20260818-0010,NC-PHC-2026-0010,Sunitha Deshmukh,e2e_nurse_user,142,91,142/91,76,98.4,98,18,165.0,68.0,25.0,148,"Patient conscious, alert. Routine vitals recorded.",2026-10-08 06:55:36
VIS-PHC--20260920-0010,NC-PHC-2026-0010,Sunitha Deshmukh,e2e_nurse_user,136,87,136/87,76,98.4,98,18,165.0,68.0,25.0,136,"Patient conscious, alert. Routine vitals recorded.",2026-10-08 06:55:36
VIS-PHC--20260715-0011,NC-PHC-2026-0011,Chetan Patil,e2e_nurse_user,149,96,149/96,76,98.4,98,18,165.0,68.0,25.0,161,"Patient conscious, alert. Routine vitals recorded.",2026-10-08 06:55:36
VIS-PHC--20260818-0011,NC-PHC-2026-0011,Chetan Patil,e2e_nurse_user,143,92,143/92,76,98.4,98,18,165.0,68.0,25.0,149,"Patient conscious, alert. Routine vitals recorded.",2026-10-08 06:55:36
VIS-PHC--20260920-0011,NC-PHC-2026-0011,Chetan Patil,e2e_nurse_user,137,88,137/88,76,98.4,98,18,165.0,68.0,25.0,137,"Patient conscious, alert. Routine vitals recorded.",2026-10-08 06:55:36
VIS-PHC--20260715-0012,NC-PHC-2026-0012,Rekha Acharya,e2e_nurse_user,150,94,150/94,76,98.4,98,18,165.0,68.0,25.0,162,"Patient conscious, alert. Routine vitals recorded.",2026-10-08 06:55:36
VIS-PHC--20260818-0012,NC-PHC-2026-0012,Rekha Acharya,e2e_nurse_user,144,90,144/90,76,98.4,98,18,165.0,68.0,25.0,150,"Patient conscious, alert. Routine vitals recorded.",2026-10-08 06:55:36
VIS-PHC--20260920-0012,NC-PHC-2026-0012,Rekha Acharya,e2e_nurse_user,138,86,138/86,76,98.4,98,18,165.0,68.0,25.0,138,"Patient conscious, alert. Routine vitals recorded.",2026-10-08 06:55:36
VIS-PHC--20260715-0013,NC-PHC-2026-0013,Praveen Kumar,e2e_nurse_user,151,95,151/95,76,98.4,98,18,165.0,68.0,25.0,163,"Patient conscious, alert. Routine vitals recorded.",2026-10-08 06:55:36
VIS-PHC--20260818-0013,NC-PHC-2026-0013,Praveen Kumar,e2e_nurse_user,145,91,145/91,76,98.4,98,18,165.0,68.0,25.0,151,"Patient conscious, alert. Routine vitals recorded.",2026-10-08 06:55:36
VIS-PHC--20260920-0013,NC-PHC-2026-0013,Praveen Kumar,e2e_nurse_user,139,87,139/87,76,98.4,98,18,165.0,68.0,25.0,139,"Patient conscious, alert. Routine vitals recorded.",2026-10-08 06:55:36
VIS-PHC--20260715-0014,NC-PHC-2026-0014,Shwetha Joshi,e2e_nurse_user,152,96,152/96,76,98.4,98,18,165.0,68.0,25.0,164,"Patient conscious, alert. Routine vitals recorded.",2026-10-08 06:55:36
VIS-PHC--20260818-0014,NC-PHC-2026-0014,Shwetha Joshi,e2e_nurse_user,146,92,146/92,76,98.4,98,18,165.0,68.0,25.0,152,"Patient conscious, alert. Routine vitals recorded.",2026-10-08 06:55:36
VIS-PHC--20260920-0014,NC-PHC-2026-0014,Shwetha Joshi,e2e_nurse_user,140,88,140/88,76,98.4,98,18,165.0,68.0,25.0,140,"Patient conscious, alert. Routine vitals recorded.",2026-10-08 06:55:36
VIS-PHC--20260715-0015,NC-PHC-2026-0015,Anand Bellary,e2e_nurse_user,148,94,148/94,76,98.4,98,18,165.0,68.0,25.0,165,"Patient conscious, alert. Routine vitals recorded.",2026-10-08 06:55:36
VIS-PHC--20260818-0015,NC-PHC-2026-0015,Anand Bellary,e2e_nurse_user,142,90,142/90,76,98.4,98,18,165.0,68.0,25.0,153,"Patient conscious, alert. Routine vitals recorded.",2026-10-08 06:55:36
VIS-PHC--20260920-0015,NC-PHC-2026-0015,Anand Bellary,e2e_nurse_user,136,86,136/86,76,98.4,98,18,165.0,68.0,25.0,141,"Patient conscious, alert. Routine vitals recorded.",2026-10-08 06:55:36
VIS-PHC--20260715-0016,NC-PHC-2026-0016,Meenakshi Sundaram,e2e_nurse_user,149,95,149/95,76,98.4,98,18,165.0,68.0,25.0,158,"Patient conscious, alert. Routine vitals recorded.",2026-10-08 06:55:37
VIS-PHC--20260818-0016,NC-PHC-2026-0016,Meenakshi Sundaram,e2e_nurse_user,143,91,143/91,76,98.4,98,18,165.0,68.0,25.0,146,"Patient conscious, alert. Routine vitals recorded.",2026-10-08 06:55:37
VIS-PHC--20260920-0016,NC-PHC-2026-0016,Meenakshi Sundaram,e2e_nurse_user,137,87,137/87,76,98.4,98,18,165.0,68.0,25.0,134,"Patient conscious, alert. Routine vitals recorded.",2026-10-08 06:55:37
VIS-PHC--20260715-0017,NC-PHC-2026-0017,Raghavendra Rao,e2e_nurse_user,150,96,150/96,76,98.4,98,18,165.0,68.0,25.0,159,"Patient conscious, alert. Routine vitals recorded.",2026-10-08 06:55:37
VIS-PHC--20260818-0017,NC-PHC-2026-0017,Raghavendra Rao,e2e_nurse_user,144,92,144/92,76,98.4,98,18,165.0,68.0,25.0,147,"Patient conscious, alert. Routine vitals recorded.",2026-10-08 06:55:37
VIS-PHC--20260920-0017,NC-PHC-2026-0017,Raghavendra Rao,e2e_nurse_user,138,88,138/88,76,98.4,98,18,165.0,68.0,25.0,135,"Patient conscious, alert. Routine vitals recorded.",2026-10-08 06:55:37
VIS-PHC--20260715-0018,NC-PHC-2026-0018,Soumya Hegde,e2e_nurse_user,151,94,151/94,76,98.4,98,18,165.0,68.0,25.0,160,"Patient conscious, alert. Routine vitals recorded.",2026-10-08 06:55:37
VIS-PHC--20260818-0018,NC-PHC-2026-0018,Soumya Hegde,e2e_nurse_user,145,90,145/90,76,98.4,98,18,165.0,68.0,25.0,148,"Patient conscious, alert. Routine vitals recorded.",2026-10-08 06:55:37
VIS-PHC--20260920-0018,NC-PHC-2026-0018,Soumya Hegde,e2e_nurse_user,139,86,139/86,76,98.4,98,18,165.0,68.0,25.0,136,"Patient conscious, alert. Routine vitals recorded.",2026-10-08 06:55:37
VIS-PHC--20260715-0019,NC-PHC-2026-0019,Girish Kulkarni,e2e_nurse_user,152,95,152/95,76,98.4,98,18,165.0,68.0,25.0,161,"Patient conscious, alert. Routine vitals recorded.",2026-10-08 06:55:37
VIS-PHC--20260818-0019,NC-PHC-2026-0019,Girish Kulkarni,e2e_nurse_user,146,91,146/91,76,98.4,98,18,165.0,68.0,25.0,149,"Patient conscious, alert. Routine vitals recorded.",2026-10-08 06:55:37
VIS-PHC--20260920-0019,NC-PHC-2026-0019,Girish Kulkarni,e2e_nurse_user,140,87,140/87,76,98.4,98,18,165.0,68.0,25.0,137,"Patient conscious, alert. Routine vitals recorded.",2026-10-08 06:55:37
VIS-PHC--20260715-0020,NC-PHC-2026-0020,Roopa Nayak,e2e_nurse_user,148,96,148/96,76,98.4,98,18,165.0,68.0,25.0,162,"Patient conscious, alert. Routine vitals recorded.",2026-10-08 06:55:37
VIS-PHC--20260818-0020,NC-PHC-2026-0020,Roopa Nayak,e2e_nurse_user,142,92,142/92,76,98.4,98,18,165.0,68.0,25.0,150,"Patient conscious, alert. Routine vitals recorded.",2026-10-08 06:55:37
VIS-PHC--20260920-0020,NC-PHC-2026-0020,Roopa Nayak,e2e_nurse_user,136,88,136/88,76,98.4,98,18,165.0,68.0,25.0,138,"Patient conscious, alert. Routine vitals recorded.",2026-10-08 06:55:37
VIS-PHC--20261003-0001,NC-PHC-2026-0021,Ravi Kumar,e2e_nurse_user,108,70,108/70,104,102.4,97,18,168.0,62.0,22.0,110,"Patient conscious, alert. Feverish, tachycardic.",2026-10-08 06:55:37
VIS-PHC--20261004-0001,NC-PHC-2026-0022,Preeti Shenoy,e2e_nurse_user,108,70,108/70,104,102.4,97,18,168.0,62.0,22.0,110,"Patient conscious, alert. Feverish, tachycardic.",2026-10-08 06:55:37
VIS-PHC--20261005-0001,NC-PHC-2026-0023,Vijay Patil,e2e_nurse_user,108,70,108/70,104,102.4,97,18,168.0,62.0,22.0,110,"Patient conscious, alert. Feverish, tachycardic.",2026-10-08 06:55:37
VIS-PHC--20261006-0001,NC-PHC-2026-0024,Geetha Raman,e2e_nurse_user,108,70,108/70,104,102.4,97,18,168.0,62.0,22.0,110,"Patient conscious, alert. Feverish, tachycardic.",2026-10-08 06:55:37
VIS-PHC--20261007-0001,NC-PHC-2026-0025,Mohan Bhat,e2e_nurse_user,108,70,108/70,104,102.4,97,18,168.0,62.0,22.0,110,"Patient conscious, alert. Feverish, tachycardic.",2026-10-08 06:55:37
VIS-PHC--20261001-0001,NC-PHC-2026-0026,Archana Kulkarni,e2e_nurse_user,108,70,108/70,104,102.4,97,18,168.0,62.0,22.0,110,"Patient conscious, alert. Feverish, tachycardic.",2026-10-08 06:55:37
VIS-PHC--20261002-0001,NC-PHC-2026-0027,Santosh Gowda,e2e_nurse_user,108,70,108/70,104,102.4,97,18,168.0,62.0,22.0,110,"Patient conscious, alert. Feverish, tachycardic.",2026-10-08 06:55:37
VIS-PHC--20261003-0002,NC-PHC-2026-0028,Vidya Shankar,e2e_nurse_user,108,70,108/70,104,102.4,97,18,168.0,62.0,22.0,110,"Patient conscious, alert. Feverish, tachycardic.",2026-10-08 06:55:37
VIS-PHC--20261004-0002,NC-PHC-2026-0029,Harish Reddy,e2e_nurse_user,108,70,108/70,104,102.4,97,18,168.0,62.0,22.0,110,"Patient conscious, alert. Feverish, tachycardic.",2026-10-08 06:55:37
VIS-PHC--20261005-0002,NC-PHC-2026-0030,Nalini Hegde,e2e_nurse_user,108,70,108/70,104,102.4,97,18,168.0,62.0,22.0,110,"Patient conscious, alert. Feverish, tachycardic.",2026-10-08 06:55:37
VIS-PHC--20261006-0002,NC-PHC-2026-0031,Kiran Acharya,e2e_nurse_user,108,70,108/70,104,102.4,97,18,168.0,62.0,22.0,110,"Patient conscious, alert. Feverish, tachycardic.",2026-10-08 06:55:37
VIS-PHC--20261007-0002,NC-PHC-2026-0032,Bhavana Rao,e2e_nurse_user,108,70,108/70,104,102.4,97,18,168.0,62.0,22.0,110,"Patient conscious, alert. Feverish, tachycardic.",2026-10-08 06:55:37
VIS-PHC--20261004-0003,NC-PHC-2026-0033,Shivakumar Swamy,e2e_nurse_user,118,78,118/78,72,98.6,99,18,162.0,58.0,22.1,110,"Patient conscious, alert. Routine vitals recorded.",2026-10-08 06:55:37
VIS-PHC--20261005-0003,NC-PHC-2026-0034,Usha Devi,e2e_nurse_user,118,78,118/78,72,98.6,99,18,162.0,58.0,22.1,110,"Patient conscious, alert. Routine vitals recorded.",2026-10-08 06:55:37
VIS-PHC--20261006-0003,NC-PHC-2026-0035,Mahesh Prabhu,e2e_nurse_user,118,78,118/78,72,98.6,99,18,162.0,58.0,22.1,110,"Patient conscious, alert. Routine vitals recorded.",2026-10-08 06:55:37
VIS-PHC--20261007-0003,NC-PHC-2026-0036,Suma Shetty,e2e_nurse_user,118,78,118/78,72,98.6,99,18,162.0,58.0,22.1,110,"Patient conscious, alert. Routine vitals recorded.",2026-10-08 06:55:37
VIS-PHC--20261003-0003,NC-PHC-2026-0037,Chandrakanth Patil,e2e_nurse_user,118,78,118/78,72,98.6,99,18,162.0,58.0,22.1,110,"Patient conscious, alert. Routine vitals recorded.",2026-10-08 06:55:37
VIS-PHC--20261004-0004,NC-PHC-2026-0038,Shilpa Kulkarni,e2e_nurse_user,118,78,118/78,72,98.6,99,18,162.0,58.0,22.1,110,"Patient conscious, alert. Routine vitals recorded.",2026-10-08 06:55:37
VIS-PHC--20261005-0004,NC-PHC-2026-0039,Naveen Gowda,e2e_nurse_user,118,78,118/78,72,98.6,99,18,162.0,58.0,22.1,110,"Patient conscious, alert. Routine vitals recorded.",2026-10-08 06:55:38
VIS-PHC--20261006-0004,NC-PHC-2026-0040,Deepthi Bhat,e2e_nurse_user,118,78,118/78,72,98.6,99,18,162.0,58.0,22.1,110,"Patient conscious, alert. Routine vitals recorded.",2026-10-08 06:55:38
VIS-PHC--20261007-0004,NC-PHC-2026-0041,Jagadeesh Murthy,e2e_nurse_user,118,78,118/78,72,98.6,99,18,162.0,58.0,22.1,110,"Patient conscious, alert. Routine vitals recorded.",2026-10-08 06:55:38
VIS-PHC--20261003-0004,NC-PHC-2026-0042,Rashmi Kamath,e2e_nurse_user,118,78,118/78,72,98.6,99,18,162.0,58.0,22.1,110,"Patient conscious, alert. Routine vitals recorded.",2026-10-08 06:55:38
VIS-PHC--20261004-0005,NC-PHC-2026-0043,Madhusudhan Rao,e2e_nurse_user,118,78,118/78,72,98.6,99,18,162.0,58.0,22.1,110,"Patient conscious, alert. Routine vitals recorded.",2026-10-08 06:55:38
VIS-PHC--20261005-0005,NC-PHC-2026-0044,Divya Shenoy,e2e_nurse_user,118,78,118/78,72,98.6,99,18,162.0,58.0,22.1,110,"Patient conscious, alert. Routine vitals recorded.",2026-10-08 06:55:38
VIS-PHC--20261006-0005,NC-PHC-2026-0045,Anil Kumar,e2e_nurse_user,118,78,118/78,72,98.6,99,18,162.0,58.0,22.1,110,"Patient conscious, alert. Routine vitals recorded.",2026-10-08 06:55:38
VIS-PHC--20261007-0005,NC-PHC-2026-0046,Padma Sundaram,e2e_nurse_user,118,78,118/78,72,98.6,99,18,162.0,58.0,22.1,110,"Patient conscious, alert. Routine vitals recorded.",2026-10-08 06:55:38
VIS-PHC--20260929-0001,NC-PHC-2026-0047,Sunil Hegde,e2e_nurse_user,122,80,122/80,88,99.2,96,18,166.0,70.0,25.4,110,"Patient conscious, alert. Routine vitals recorded.",2026-10-08 06:55:38
VIS-PHC--20260930-0001,NC-PHC-2026-0048,Bharati Nayak,e2e_nurse_user,122,80,122/80,88,99.2,96,18,166.0,70.0,25.4,110,"Patient conscious, alert. Routine vitals recorded.",2026-10-08 06:55:38
VIS-PHC--20261001-0002,NC-PHC-2026-0049,Ashok Kulkarni,e2e_nurse_user,152,96,152/96,88,99.2,96,18,166.0,70.0,25.4,110,"Patient conscious, alert. Routine vitals recorded.",2026-10-08 06:55:38
VIS-PHC--20261002-0002,NC-PHC-2026-0050,Veena Prabhu,e2e_nurse_user,122,80,122/80,88,99.2,96,18,166.0,70.0,25.4,110,"Patient conscious, alert. Routine vitals recorded.",2026-10-08 06:55:38
VIS-PHC--20261003-0005,NC-PHC-2026-0051,Prasanna Kumar,e2e_nurse_user,122,80,122/80,88,99.2,96,18,166.0,70.0,25.4,110,"Patient conscious, alert. Routine vitals recorded.",2026-10-08 06:55:38
VIS-PHC--20261004-0006,NC-PHC-2026-0052,Radhika Bhat,e2e_nurse_user,122,80,122/80,88,99.2,96,18,166.0,70.0,25.4,110,"Patient conscious, alert. Routine vitals recorded.",2026-10-08 06:55:38
VIS-PHC--20261005-0006,NC-PHC-2026-0053,Nagaraj Gowda,e2e_nurse_user,122,80,122/80,88,99.2,96,18,166.0,70.0,25.4,110,"Patient conscious, alert. Routine vitals recorded.",2026-10-08 06:55:38
VIS-PHC--20261006-0006,NC-PHC-2026-0054,Swathi Rao,e2e_nurse_user,122,80,122/80,88,99.2,96,18,166.0,70.0,25.4,110,"Patient conscious, alert. Routine vitals recorded.",2026-10-08 06:55:38
VIS-PHC--20261008-0004,NC-PHC-2026-0058,Vinod Kumar,e2e_nurse_user,126,82,126/82,78,98.8,98,18,168.0,67.0,23.7,110,"Patient conscious, alert. Triaged by staff nurse. Ready for Medical Officer consultation.",2026-10-08 06:55:38
VIS-PHC--20261008-0005,NC-PHC-2026-0059,Gayathri Joshi,e2e_nurse_user,126,82,126/82,78,98.8,98,18,168.0,67.0,23.7,110,"Patient conscious, alert. Triaged by staff nurse. Ready for Medical Officer consultation.",2026-10-08 06:55:38
VIS-PHC--20261008-0006,NC-PHC-2026-0060,Prakash Bellary,e2e_nurse_user,126,82,126/82,78,98.8,98,18,168.0,67.0,23.7,110,"Patient conscious, alert. Triaged by staff nurse. Ready for Medical Officer consultation.",2026-10-08 06:55:38
VIS-PHC--20261008-0007,NC-PHC-2026-0001,Ramesh Gowda,e2e_nurse_user,142,90,142/90,82,99.4,98,18,165.0,66.0,24.2,110,"Patient conscious, alert. Specimen collected. Patient waiting in lab corridor.",2026-10-08 06:55:38
VIS-PHC--20261008-0008,NC-PHC-2026-0021,Ravi Kumar,e2e_nurse_user,142,90,142/90,82,99.4,98,18,165.0,66.0,24.2,110,"Patient conscious, alert. Specimen collected. Patient waiting in lab corridor.",2026-10-08 06:55:38
VIS-PHC--20261008-0009,NC-PHC-2026-0002,Ananya Bhat,e2e_nurse_user,130,84,130/84,74,98.6,98,18,160.0,60.0,23.4,110,"Patient conscious, alert. Routine vitals recorded.",2026-10-08 06:55:38
VIS-PHC--20261008-0010,NC-PHC-2026-0022,Preeti Shenoy,e2e_nurse_user,130,84,130/84,74,98.6,98,18,160.0,60.0,23.4,110,"Patient conscious, alert. Routine vitals recorded.",2026-10-08 06:55:38
VIS-PHC--20261008-0011,NC-PHC-2026-0003,Suresh Hegde,e2e_nurse_user,124,80,124/80,72,98.4,99,18,164.0,63.0,23.4,110,"Patient conscious, alert. Routine vitals recorded.",2026-10-08 06:55:38
VIS-PHC--20261008-0012,NC-PHC-2026-0004,Deepa Rao,e2e_nurse_user,124,80,124/80,72,98.4,99,18,164.0,63.0,23.4,110,"Patient conscious, alert. Routine vitals recorded.",2026-10-08 06:55:38
VIS-PHC--20261008-0013,NC-PHC-2026-0033,Shivakumar Swamy,e2e_nurse_user,124,80,124/80,72,98.4,99,18,164.0,63.0,23.4,110,"Patient conscious, alert. Routine vitals recorded.",2026-10-08 06:55:38
VIS-PHC--20261008-0014,NC-PHC-2026-0034,Usha Devi,e2e_nurse_user,124,80,124/80,72,98.4,99,18,164.0,63.0,23.4,110,"Patient conscious, alert. Routine vitals recorded.",2026-10-08 06:55:38
