Consultation ID,Visit ID,Patient ID,Patient Name,Facility,Doctor,Chief Complaint,Clinical History,Clinical Assessment,ICD-10 Code,Diagnosis Name,Certainty,Treatment Plan,Follow Up Date,Clinical Notes,Created At
470,VIS-PHC--20260715-0001,NC-PHC-2026-0001,Ramesh Gowda,Namma Clinic Local PHC,e2e_doctor_user,Routine monthly NCD refill and blood pressure checkup,History of present illness for Routine monthly NCD refill and blood pressure checkup. Duration 4 days.,Clinical examination consistent with Essential (primary) hypertension.,I10,Essential (primary) hypertension,CONFIRMED,Prescribe standard pharmacotherapy and lifestyle modifications. Review in 14 days.,2026-07-29,Month 1 evaluation. Patient tolerating oral medications well. Encouraged salt reduction.,2026-10-08 06:55:35
471,VIS-PHC--20260818-0001,NC-PHC-2026-0001,Ramesh Gowda,Namma Clinic Local PHC,e2e_doctor_user,Routine monthly NCD refill and blood pressure checkup,History of present illness for Routine monthly NCD refill and blood pressure checkup. Duration 4 days.,Clinical examination consistent with Essential (primary) hypertension.,I10,Essential (primary) hypertension,CONFIRMED,Prescribe standard pharmacotherapy and lifestyle modifications. Review in 14 days.,2026-09-01,Month 2 evaluation. Patient tolerating oral medications well. Encouraged salt reduction.,2026-10-08 06:55:35
472,VIS-PHC--20260920-0001,NC-PHC-2026-0001,Ramesh Gowda,Namma Clinic Local PHC,e2e_doctor_user,Routine monthly NCD refill and blood pressure checkup,History of present illness for Routine monthly NCD refill and blood pressure checkup. Duration 4 days.,Clinical examination consistent with Essential (primary) hypertension.,I10,Essential (primary) hypertension,CONFIRMED,Prescribe standard pharmacotherapy and lifestyle modifications. Review in 14 days.,2026-10-04,Month 3 evaluation. Patient tolerating oral medications well. Encouraged salt reduction.,2026-10-08 06:55:35
473,VIS-PHC--20260715-0002,NC-PHC-2026-0002,Ananya Bhat,Namma Clinic Local PHC,e2e_doctor_user,Routine monthly NCD refill and blood pressure checkup,History of present illness for Routine monthly NCD refill and blood pressure checkup. Duration 4 days.,Clinical examination consistent with Type 2 diabetes mellitus without complications.,E11.9,Type 2 diabetes mellitus without complications,CONFIRMED,Prescribe standard pharmacotherapy and lifestyle modifications. Review in 14 days.,2026-07-29,Month 1 evaluation. Patient tolerating oral medications well. Encouraged salt reduction.,2026-10-08 06:55:35
474,VIS-PHC--20260818-0002,NC-PHC-2026-0002,Ananya Bhat,Namma Clinic Local PHC,e2e_doctor_user,Routine monthly NCD refill and blood pressure checkup,History of present illness for Routine monthly NCD refill and blood pressure checkup. Duration 4 days.,Clinical examination consistent with Type 2 diabetes mellitus without complications.,E11.9,Type 2 diabetes mellitus without complications,CONFIRMED,Prescribe standard pharmacotherapy and lifestyle modifications. Review in 14 days.,2026-09-01,Month 2 evaluation. Patient tolerating oral medications well. Encouraged salt reduction.,2026-10-08 06:55:35
475,VIS-PHC--20260920-0002,NC-PHC-2026-0002,Ananya Bhat,Namma Clinic Local PHC,e2e_doctor_user,Routine monthly NCD refill and blood pressure checkup,History of present illness for Routine monthly NCD refill and blood pressure checkup. Duration 4 days.,Clinical examination consistent with Type 2 diabetes mellitus without complications.,E11.9,Type 2 diabetes mellitus without complications,CONFIRMED,Prescribe standard pharmacotherapy and lifestyle modifications. Review in 14 days.,2026-10-04,Month 3 evaluation. Patient tolerating oral medications well. Encouraged salt reduction.,2026-10-08 06:55:35
476,VIS-PHC--20260715-0003,NC-PHC-2026-0003,Suresh Hegde,Namma Clinic Local PHC,e2e_doctor_user,Routine monthly NCD refill and blood pressure checkup,History of present illness for Routine monthly NCD refill and blood pressure checkup. Duration 4 days.,Clinical examination consistent with Type 2 diabetes mellitus without complications.,E11.9,Type 2 diabetes mellitus without complications,CONFIRMED,Prescribe standard pharmacotherapy and lifestyle modifications. Review in 14 days.,2026-07-29,Month 1 evaluation. Patient tolerating oral medications well. Encouraged salt reduction.,2026-10-08 06:55:35
477,VIS-PHC--20260818-0003,NC-PHC-2026-0003,Suresh Hegde,Namma Clinic Local PHC,e2e_doctor_user,Routine monthly NCD refill and blood pressure checkup,History of present illness for Routine monthly NCD refill and blood pressure checkup. Duration 4 days.,Clinical examination consistent with Type 2 diabetes mellitus without complications.,E11.9,Type 2 diabetes mellitus without complications,CONFIRMED,Prescribe standard pharmacotherapy and lifestyle modifications. Review in 14 days.,2026-09-01,Month 2 evaluation. Patient tolerating oral medications well. Encouraged salt reduction.,2026-10-08 06:55:36
478,VIS-PHC--20260920-0003,NC-PHC-2026-0003,Suresh Hegde,Namma Clinic Local PHC,e2e_doctor_user,Routine monthly NCD refill and blood pressure checkup,History of present illness for Routine monthly NCD refill and blood pressure checkup. Duration 4 days.,Clinical examination consistent with Type 2 diabetes mellitus without complications.,E11.9,Type 2 diabetes mellitus without complications,CONFIRMED,Prescribe standard pharmacotherapy and lifestyle modifications. Review in 14 days.,2026-10-04,Month 3 evaluation. Patient tolerating oral medications well. Encouraged salt reduction.,2026-10-08 06:55:36
479,VIS-PHC--20260715-0004,NC-PHC-2026-0004,Deepa Rao,Namma Clinic Local PHC,e2e_doctor_user,Routine monthly NCD refill and blood pressure checkup,History of present illness for Routine monthly NCD refill and blood pressure checkup. Duration 4 days.,Clinical examination consistent with Essential (primary) hypertension.,I10,Essential (primary) hypertension,CONFIRMED,Prescribe standard pharmacotherapy and lifestyle modifications. Review in 14 days.,2026-07-29,Month 1 evaluation. Patient tolerating oral medications well. Encouraged salt reduction.,2026-10-08 06:55:36
480,VIS-PHC--20260818-0004,NC-PHC-2026-0004,Deepa Rao,Namma Clinic Local PHC,e2e_doctor_user,Routine monthly NCD refill and blood pressure checkup,History of present illness for Routine monthly NCD refill and blood pressure checkup. Duration 4 days.,Clinical examination consistent with Essential (primary) hypertension.,I10,Essential (primary) hypertension,CONFIRMED,Prescribe standard pharmacotherapy and lifestyle modifications. Review in 14 days.,2026-09-01,Month 2 evaluation. Patient tolerating oral medications well. Encouraged salt reduction.,2026-10-08 06:55:36
481,VIS-PHC--20260920-0004,NC-PHC-2026-0004,Deepa Rao,Namma Clinic Local PHC,e2e_doctor_user,Routine monthly NCD refill and blood pressure checkup,History of present illness for Routine monthly NCD refill and blood pressure checkup. Duration 4 days.,Clinical examination consistent with Essential (primary) hypertension.,I10,Essential (primary) hypertension,CONFIRMED,Prescribe standard pharmacotherapy and lifestyle modifications. Review in 14 days.,2026-10-04,Month 3 evaluation. Patient tolerating oral medications well. Encouraged salt reduction.,2026-10-08 06:55:36
482,VIS-PHC--20260715-0005,NC-PHC-2026-0005,Venkatesh Prasad,Namma Clinic Local PHC,e2e_doctor_user,Routine monthly NCD refill and blood pressure checkup,History of present illness for Routine monthly NCD refill and blood pressure checkup. Duration 4 days.,Clinical examination consistent with Type 2 diabetes mellitus without complications.,E11.9,Type 2 diabetes mellitus without complications,CONFIRMED,Prescribe standard pharmacotherapy and lifestyle modifications. Review in 14 days.,2026-07-29,Month 1 evaluation. Patient tolerating oral medications well. Encouraged salt reduction.,2026-10-08 06:55:36
483,VIS-PHC--20260818-0005,NC-PHC-2026-0005,Venkatesh Prasad,Namma Clinic Local PHC,e2e_doctor_user,Routine monthly NCD refill and blood pressure checkup,History of present illness for Routine monthly NCD refill and blood pressure checkup. Duration 4 days.,Clinical examination consistent with Type 2 diabetes mellitus without complications.,E11.9,Type 2 diabetes mellitus without complications,CONFIRMED,Prescribe standard pharmacotherapy and lifestyle modifications. Review in 14 days.,2026-09-01,Month 2 evaluation. Patient tolerating oral medications well. Encouraged salt reduction.,2026-10-08 06:55:36
484,VIS-PHC--20260920-0005,NC-PHC-2026-0005,Venkatesh Prasad,Namma Clinic Local PHC,e2e_doctor_user,Routine monthly NCD refill and blood pressure checkup,History of present illness for Routine monthly NCD refill and blood pressure checkup. Duration 4 days.,Clinical examination consistent with Type 2 diabetes mellitus without complications.,E11.9,Type 2 diabetes mellitus without complications,CONFIRMED,Prescribe standard pharmacotherapy and lifestyle modifications. Review in 14 days.,2026-10-04,Month 3 evaluation. Patient tolerating oral medications well. Encouraged salt reduction.,2026-10-08 06:55:36
485,VIS-PHC--20260715-0006,NC-PHC-2026-0006,Kavitha Kulkarni,Namma Clinic Local PHC,e2e_doctor_user,Routine monthly NCD refill and blood pressure checkup,History of present illness for Routine monthly NCD refill and blood pressure checkup. Duration 4 days.,Clinical examination consistent with Type 2 diabetes mellitus without complications.,E11.9,Type 2 diabetes mellitus without complications,CONFIRMED,Prescribe standard pharmacotherapy and lifestyle modifications. Review in 14 days.,2026-07-29,Month 1 evaluation. Patient tolerating oral medications well. Encouraged salt reduction.,2026-10-08 06:55:36
486,VIS-PHC--20260818-0006,NC-PHC-2026-0006,Kavitha Kulkarni,Namma Clinic Local PHC,e2e_doctor_user,Routine monthly NCD refill and blood pressure checkup,History of present illness for Routine monthly NCD refill and blood pressure checkup. Duration 4 days.,Clinical examination consistent with Type 2 diabetes mellitus without complications.,E11.9,Type 2 diabetes mellitus without complications,CONFIRMED,Prescribe standard pharmacotherapy and lifestyle modifications. Review in 14 days.,2026-09-01,Month 2 evaluation. Patient tolerating oral medications well. Encouraged salt reduction.,2026-10-08 06:55:36
487,VIS-PHC--20260920-0006,NC-PHC-2026-0006,Kavitha Kulkarni,Namma Clinic Local PHC,e2e_doctor_user,Routine monthly NCD refill and blood pressure checkup,History of present illness for Routine monthly NCD refill and blood pressure checkup. Duration 4 days.,Clinical examination consistent with Type 2 diabetes mellitus without complications.,E11.9,Type 2 diabetes mellitus without complications,CONFIRMED,Prescribe standard pharmacotherapy and lifestyle modifications. Review in 14 days.,2026-10-04,Month 3 evaluation. Patient tolerating oral medications well. Encouraged salt reduction.,2026-10-08 06:55:36
488,VIS-PHC--20260715-0007,NC-PHC-2026-0007,Basavaraj Nayak,Namma Clinic Local PHC,e2e_doctor_user,Routine monthly NCD refill and blood pressure checkup,History of present illness for Routine monthly NCD refill and blood pressure checkup. Duration 4 days.,Clinical examination consistent with Essential (primary) hypertension.,I10,Essential (primary) hypertension,CONFIRMED,Prescribe standard pharmacotherapy and lifestyle modifications. Review in 14 days.,2026-07-29,Month 1 evaluation. Patient tolerating oral medications well. Encouraged salt reduction.,2026-10-08 06:55:36
489,VIS-PHC--20260818-0007,NC-PHC-2026-0007,Basavaraj Nayak,Namma Clinic Local PHC,e2e_doctor_user,Routine monthly NCD refill and blood pressure checkup,History of present illness for Routine monthly NCD refill and blood pressure checkup. Duration 4 days.,Clinical examination consistent with Essential (primary) hypertension.,I10,Essential (primary) hypertension,CONFIRMED,Prescribe standard pharmacotherapy and lifestyle modifications. Review in 14 days.,2026-09-01,Month 2 evaluation. Patient tolerating oral medications well. Encouraged salt reduction.,2026-10-08 06:55:36
490,VIS-PHC--20260920-0007,NC-PHC-2026-0007,Basavaraj Nayak,Namma Clinic Local PHC,e2e_doctor_user,Routine monthly NCD refill and blood pressure checkup,History of present illness for Routine monthly NCD refill and blood pressure checkup. Duration 4 days.,Clinical examination consistent with Essential (primary) hypertension.,I10,Essential (primary) hypertension,CONFIRMED,Prescribe standard pharmacotherapy and lifestyle modifications. Review in 14 days.,2026-10-04,Month 3 evaluation. Patient tolerating oral medications well. Encouraged salt reduction.,2026-10-08 06:55:36
491,VIS-PHC--20260715-0008,NC-PHC-2026-0008,Pooja Shetty,Namma Clinic Local PHC,e2e_doctor_user,Routine monthly NCD refill and blood pressure checkup,History of present illness for Routine monthly NCD refill and blood pressure checkup. Duration 4 days.,Clinical examination consistent with Type 2 diabetes mellitus without complications.,E11.9,Type 2 diabetes mellitus without complications,CONFIRMED,Prescribe standard pharmacotherapy and lifestyle modifications. Review in 14 days.,2026-07-29,Month 1 evaluation. Patient tolerating oral medications well. Encouraged salt reduction.,2026-10-08 06:55:36
492,VIS-PHC--20260818-0008,NC-PHC-2026-0008,Pooja Shetty,Namma Clinic Local PHC,e2e_doctor_user,Routine monthly NCD refill and blood pressure checkup,History of present illness for Routine monthly NCD refill and blood pressure checkup. Duration 4 days.,Clinical examination consistent with Type 2 diabetes mellitus without complications.,E11.9,Type 2 diabetes mellitus without complications,CONFIRMED,Prescribe standard pharmacotherapy and lifestyle modifications. Review in 14 days.,2026-09-01,Month 2 evaluation. Patient tolerating oral medications well. Encouraged salt reduction.,2026-10-08 06:55:36
493,VIS-PHC--20260920-0008,NC-PHC-2026-0008,Pooja Shetty,Namma Clinic Local PHC,e2e_doctor_user,Routine monthly NCD refill and blood pressure checkup,History of present illness for Routine monthly NCD refill and blood pressure checkup. Duration 4 days.,Clinical examination consistent with Type 2 diabetes mellitus without complications.,E11.9,Type 2 diabetes mellitus without complications,CONFIRMED,Prescribe standard pharmacotherapy and lifestyle modifications. Review in 14 days.,2026-10-04,Month 3 evaluation. Patient tolerating oral medications well. Encouraged salt reduction.,2026-10-08 06:55:36
494,VIS-PHC--20260715-0009,NC-PHC-2026-0009,Manjunath Murthy,Namma Clinic Local PHC,e2e_doctor_user,Routine monthly NCD refill and blood pressure checkup,History of present illness for Routine monthly NCD refill and blood pressure checkup. Duration 4 days.,Clinical examination consistent with Type 2 diabetes mellitus without complications.,E11.9,Type 2 diabetes mellitus without complications,CONFIRMED,Prescribe standard pharmacotherapy and lifestyle modifications. Review in 14 days.,2026-07-29,Month 1 evaluation. Patient tolerating oral medications well. Encouraged salt reduction.,2026-10-08 06:55:36
495,VIS-PHC--20260818-0009,NC-PHC-2026-0009,Manjunath Murthy,Namma Clinic Local PHC,e2e_doctor_user,Routine monthly NCD refill and blood pressure checkup,History of present illness for Routine monthly NCD refill and blood pressure checkup. Duration 4 days.,Clinical examination consistent with Type 2 diabetes mellitus without complications.,E11.9,Type 2 diabetes mellitus without complications,CONFIRMED,Prescribe standard pharmacotherapy and lifestyle modifications. Review in 14 days.,2026-09-01,Month 2 evaluation. Patient tolerating oral medications well. Encouraged salt reduction.,2026-10-08 06:55:36
496,VIS-PHC--20260920-0009,NC-PHC-2026-0009,Manjunath Murthy,Namma Clinic Local PHC,e2e_doctor_user,Routine monthly NCD refill and blood pressure checkup,History of present illness for Routine monthly NCD refill and blood pressure checkup. Duration 4 days.,Clinical examination consistent with Type 2 diabetes mellitus without complications.,E11.9,Type 2 diabetes mellitus without complications,CONFIRMED,Prescribe standard pharmacotherapy and lifestyle modifications. Review in 14 days.,2026-10-04,Month 3 evaluation. Patient tolerating oral medications well. Encouraged salt reduction.,2026-10-08 06:55:36
497,VIS-PHC--20260715-0010,NC-PHC-2026-0010,Sunitha Deshmukh,Namma Clinic Local PHC,e2e_doctor_user,Routine monthly NCD refill and blood pressure checkup,History of present illness for Routine monthly NCD refill and blood pressure checkup. Duration 4 days.,Clinical examination consistent with Essential (primary) hypertension.,I10,Essential (primary) hypertension,CONFIRMED,Prescribe standard pharmacotherapy and lifestyle modifications. Review in 14 days.,2026-07-29,Month 1 evaluation. Patient tolerating oral medications well. Encouraged salt reduction.,2026-10-08 06:55:36
498,VIS-PHC--20260818-0010,NC-PHC-2026-0010,Sunitha Deshmukh,Namma Clinic Local PHC,e2e_doctor_user,Routine monthly NCD refill and blood pressure checkup,History of present illness for Routine monthly NCD refill and blood pressure checkup. Duration 4 days.,Clinical examination consistent with Essential (primary) hypertension.,I10,Essential (primary) hypertension,CONFIRMED,Prescribe standard pharmacotherapy and lifestyle modifications. Review in 14 days.,2026-09-01,Month 2 evaluation. Patient tolerating oral medications well. Encouraged salt reduction.,2026-10-08 06:55:36
499,VIS-PHC--20260920-0010,NC-PHC-2026-0010,Sunitha Deshmukh,Namma Clinic Local PHC,e2e_doctor_user,Routine monthly NCD refill and blood pressure checkup,History of present illness for Routine monthly NCD refill and blood pressure checkup. Duration 4 days.,Clinical examination consistent with Essential (primary) hypertension.,I10,Essential (primary) hypertension,CONFIRMED,Prescribe standard pharmacotherapy and lifestyle modifications. Review in 14 days.,2026-10-04,Month 3 evaluation. Patient tolerating oral medications well. Encouraged salt reduction.,2026-10-08 06:55:36
500,VIS-PHC--20260715-0011,NC-PHC-2026-0011,Chetan Patil,Namma Clinic Local PHC,e2e_doctor_user,Routine monthly NCD refill and blood pressure checkup,History of present illness for Routine monthly NCD refill and blood pressure checkup. Duration 4 days.,Clinical examination consistent with Type 2 diabetes mellitus without complications.,E11.9,Type 2 diabetes mellitus without complications,CONFIRMED,Prescribe standard pharmacotherapy and lifestyle modifications. Review in 14 days.,2026-07-29,Month 1 evaluation. Patient tolerating oral medications well. Encouraged salt reduction.,2026-10-08 06:55:36
501,VIS-PHC--20260818-0011,NC-PHC-2026-0011,Chetan Patil,Namma Clinic Local PHC,e2e_doctor_user,Routine monthly NCD refill and blood pressure checkup,History of present illness for Routine monthly NCD refill and blood pressure checkup. Duration 4 days.,Clinical examination consistent with Type 2 diabetes mellitus without complications.,E11.9,Type 2 diabetes mellitus without complications,CONFIRMED,Prescribe standard pharmacotherapy and lifestyle modifications. Review in 14 days.,2026-09-01,Month 2 evaluation. Patient tolerating oral medications well. Encouraged salt reduction.,2026-10-08 06:55:36
502,VIS-PHC--20260920-0011,NC-PHC-2026-0011,Chetan Patil,Namma Clinic Local PHC,e2e_doctor_user,Routine monthly NCD refill and blood pressure checkup,History of present illness for Routine monthly NCD refill and blood pressure checkup. Duration 4 days.,Clinical examination consistent with Type 2 diabetes mellitus without complications.,E11.9,Type 2 diabetes mellitus without complications,CONFIRMED,Prescribe standard pharmacotherapy and lifestyle modifications. Review in 14 days.,2026-10-04,Month 3 evaluation. Patient tolerating oral medications well. Encouraged salt reduction.,2026-10-08 06:55:36
503,VIS-PHC--20260715-0012,NC-PHC-2026-0012,Rekha Acharya,Namma Clinic Local PHC,e2e_doctor_user,Routine monthly NCD refill and blood pressure checkup,History of present illness for Routine monthly NCD refill and blood pressure checkup. Duration 4 days.,Clinical examination consistent with Essential (primary) hypertension.,I10,Essential (primary) hypertension,CONFIRMED,Prescribe standard pharmacotherapy and lifestyle modifications. Review in 14 days.,2026-07-29,Month 1 evaluation. Patient tolerating oral medications well. Encouraged salt reduction.,2026-10-08 06:55:36
504,VIS-PHC--20260818-0012,NC-PHC-2026-0012,Rekha Acharya,Namma Clinic Local PHC,e2e_doctor_user,Routine monthly NCD refill and blood pressure checkup,History of present illness for Routine monthly NCD refill and blood pressure checkup. Duration 4 days.,Clinical examination consistent with Essential (primary) hypertension.,I10,Essential (primary) hypertension,CONFIRMED,Prescribe standard pharmacotherapy and lifestyle modifications. Review in 14 days.,2026-09-01,Month 2 evaluation. Patient tolerating oral medications well. Encouraged salt reduction.,2026-10-08 06:55:36
505,VIS-PHC--20260920-0012,NC-PHC-2026-0012,Rekha Acharya,Namma Clinic Local PHC,e2e_doctor_user,Routine monthly NCD refill and blood pressure checkup,History of present illness for Routine monthly NCD refill and blood pressure checkup. Duration 4 days.,Clinical examination consistent with Essential (primary) hypertension.,I10,Essential (primary) hypertension,CONFIRMED,Prescribe standard pharmacotherapy and lifestyle modifications. Review in 14 days.,2026-10-04,Month 3 evaluation. Patient tolerating oral medications well. Encouraged salt reduction.,2026-10-08 06:55:36
506,VIS-PHC--20260715-0013,NC-PHC-2026-0013,Praveen Kumar,Namma Clinic Local PHC,e2e_doctor_user,Routine monthly NCD refill and blood pressure checkup,History of present illness for Routine monthly NCD refill and blood pressure checkup. Duration 4 days.,Clinical examination consistent with Type 2 diabetes mellitus without complications.,E11.9,Type 2 diabetes mellitus without complications,CONFIRMED,Prescribe standard pharmacotherapy and lifestyle modifications. Review in 14 days.,2026-07-29,Month 1 evaluation. Patient tolerating oral medications well. Encouraged salt reduction.,2026-10-08 06:55:36
507,VIS-PHC--20260818-0013,NC-PHC-2026-0013,Praveen Kumar,Namma Clinic Local PHC,e2e_doctor_user,Routine monthly NCD refill and blood pressure checkup,History of present illness for Routine monthly NCD refill and blood pressure checkup. Duration 4 days.,Clinical examination consistent with Type 2 diabetes mellitus without complications.,E11.9,Type 2 diabetes mellitus without complications,CONFIRMED,Prescribe standard pharmacotherapy and lifestyle modifications. Review in 14 days.,2026-09-01,Month 2 evaluation. Patient tolerating oral medications well. Encouraged salt reduction.,2026-10-08 06:55:36
508,VIS-PHC--20260920-0013,NC-PHC-2026-0013,Praveen Kumar,Namma Clinic Local PHC,e2e_doctor_user,Routine monthly NCD refill and blood pressure checkup,History of present illness for Routine monthly NCD refill and blood pressure checkup. Duration 4 days.,Clinical examination consistent with Type 2 diabetes mellitus without complications.,E11.9,Type 2 diabetes mellitus without complications,CONFIRMED,Prescribe standard pharmacotherapy and lifestyle modifications. Review in 14 days.,2026-10-04,Month 3 evaluation. Patient tolerating oral medications well. Encouraged salt reduction.,2026-10-08 06:55:36
509,VIS-PHC--20260715-0014,NC-PHC-2026-0014,Shwetha Joshi,Namma Clinic Local PHC,e2e_doctor_user,Routine monthly NCD refill and blood pressure checkup,History of present illness for Routine monthly NCD refill and blood pressure checkup. Duration 4 days.,Clinical examination consistent with Type 2 diabetes mellitus without complications.,E11.9,Type 2 diabetes mellitus without complications,CONFIRMED,Prescribe standard pharmacotherapy and lifestyle modifications. Review in 14 days.,2026-07-29,Month 1 evaluation. Patient tolerating oral medications well. Encouraged salt reduction.,2026-10-08 06:55:36
510,VIS-PHC--20260818-0014,NC-PHC-2026-0014,Shwetha Joshi,Namma Clinic Local PHC,e2e_doctor_user,Routine monthly NCD refill and blood pressure checkup,History of present illness for Routine monthly NCD refill and blood pressure checkup. Duration 4 days.,Clinical examination consistent with Type 2 diabetes mellitus without complications.,E11.9,Type 2 diabetes mellitus without complications,CONFIRMED,Prescribe standard pharmacotherapy and lifestyle modifications. Review in 14 days.,2026-09-01,Month 2 evaluation. Patient tolerating oral medications well. Encouraged salt reduction.,2026-10-08 06:55:36
511,VIS-PHC--20260920-0014,NC-PHC-2026-0014,Shwetha Joshi,Namma Clinic Local PHC,e2e_doctor_user,Routine monthly NCD refill and blood pressure checkup,History of present illness for Routine monthly NCD refill and blood pressure checkup. Duration 4 days.,Clinical examination consistent with Type 2 diabetes mellitus without complications.,E11.9,Type 2 diabetes mellitus without complications,CONFIRMED,Prescribe standard pharmacotherapy and lifestyle modifications. Review in 14 days.,2026-10-04,Month 3 evaluation. Patient tolerating oral medications well. Encouraged salt reduction.,2026-10-08 06:55:36
512,VIS-PHC--20260715-0015,NC-PHC-2026-0015,Anand Bellary,Namma Clinic Local PHC,e2e_doctor_user,Routine monthly NCD refill and blood pressure checkup,History of present illness for Routine monthly NCD refill and blood pressure checkup. Duration 4 days.,Clinical examination consistent with Essential (primary) hypertension.,I10,Essential (primary) hypertension,CONFIRMED,Prescribe standard pharmacotherapy and lifestyle modifications. Review in 14 days.,2026-07-29,Month 1 evaluation. Patient tolerating oral medications well. Encouraged salt reduction.,2026-10-08 06:55:36
513,VIS-PHC--20260818-0015,NC-PHC-2026-0015,Anand Bellary,Namma Clinic Local PHC,e2e_doctor_user,Routine monthly NCD refill and blood pressure checkup,History of present illness for Routine monthly NCD refill and blood pressure checkup. Duration 4 days.,Clinical examination consistent with Essential (primary) hypertension.,I10,Essential (primary) hypertension,CONFIRMED,Prescribe standard pharmacotherapy and lifestyle modifications. Review in 14 days.,2026-09-01,Month 2 evaluation. Patient tolerating oral medications well. Encouraged salt reduction.,2026-10-08 06:55:36
514,VIS-PHC--20260920-0015,NC-PHC-2026-0015,Anand Bellary,Namma Clinic Local PHC,e2e_doctor_user,Routine monthly NCD refill and blood pressure checkup,History of present illness for Routine monthly NCD refill and blood pressure checkup. Duration 4 days.,Clinical examination consistent with Essential (primary) hypertension.,I10,Essential (primary) hypertension,CONFIRMED,Prescribe standard pharmacotherapy and lifestyle modifications. Review in 14 days.,2026-10-04,Month 3 evaluation. Patient tolerating oral medications well. Encouraged salt reduction.,2026-10-08 06:55:37
515,VIS-PHC--20260715-0016,NC-PHC-2026-0016,Meenakshi Sundaram,Namma Clinic Local PHC,e2e_doctor_user,Routine monthly NCD refill and blood pressure checkup,History of present illness for Routine monthly NCD refill and blood pressure checkup. Duration 4 days.,Clinical examination consistent with Type 2 diabetes mellitus without complications.,E11.9,Type 2 diabetes mellitus without complications,CONFIRMED,Prescribe standard pharmacotherapy and lifestyle modifications. Review in 14 days.,2026-07-29,Month 1 evaluation. Patient tolerating oral medications well. Encouraged salt reduction.,2026-10-08 06:55:37
516,VIS-PHC--20260818-0016,NC-PHC-2026-0016,Meenakshi Sundaram,Namma Clinic Local PHC,e2e_doctor_user,Routine monthly NCD refill and blood pressure checkup,History of present illness for Routine monthly NCD refill and blood pressure checkup. Duration 4 days.,Clinical examination consistent with Type 2 diabetes mellitus without complications.,E11.9,Type 2 diabetes mellitus without complications,CONFIRMED,Prescribe standard pharmacotherapy and lifestyle modifications. Review in 14 days.,2026-09-01,Month 2 evaluation. Patient tolerating oral medications well. Encouraged salt reduction.,2026-10-08 06:55:37
517,VIS-PHC--20260920-0016,NC-PHC-2026-0016,Meenakshi Sundaram,Namma Clinic Local PHC,e2e_doctor_user,Routine monthly NCD refill and blood pressure checkup,History of present illness for Routine monthly NCD refill and blood pressure checkup. Duration 4 days.,Clinical examination consistent with Type 2 diabetes mellitus without complications.,E11.9,Type 2 diabetes mellitus without complications,CONFIRMED,Prescribe standard pharmacotherapy and lifestyle modifications. Review in 14 days.,2026-10-04,Month 3 evaluation. Patient tolerating oral medications well. Encouraged salt reduction.,2026-10-08 06:55:37
518,VIS-PHC--20260715-0017,NC-PHC-2026-0017,Raghavendra Rao,Namma Clinic Local PHC,e2e_doctor_user,Routine monthly NCD refill and blood pressure checkup,History of present illness for Routine monthly NCD refill and blood pressure checkup. Duration 4 days.,Clinical examination consistent with Type 2 diabetes mellitus without complications.,E11.9,Type 2 diabetes mellitus without complications,CONFIRMED,Prescribe standard pharmacotherapy and lifestyle modifications. Review in 14 days.,2026-07-29,Month 1 evaluation. Patient tolerating oral medications well. Encouraged salt reduction.,2026-10-08 06:55:37
519,VIS-PHC--20260818-0017,NC-PHC-2026-0017,Raghavendra Rao,Namma Clinic Local PHC,e2e_doctor_user,Routine monthly NCD refill and blood pressure checkup,History of present illness for Routine monthly NCD refill and blood pressure checkup. Duration 4 days.,Clinical examination consistent with Type 2 diabetes mellitus without complications.,E11.9,Type 2 diabetes mellitus without complications,CONFIRMED,Prescribe standard pharmacotherapy and lifestyle modifications. Review in 14 days.,2026-09-01,Month 2 evaluation. Patient tolerating oral medications well. Encouraged salt reduction.,2026-10-08 06:55:37
520,VIS-PHC--20260920-0017,NC-PHC-2026-0017,Raghavendra Rao,Namma Clinic Local PHC,e2e_doctor_user,Routine monthly NCD refill and blood pressure checkup,History of present illness for Routine monthly NCD refill and blood pressure checkup. Duration 4 days.,Clinical examination consistent with Type 2 diabetes mellitus without complications.,E11.9,Type 2 diabetes mellitus without complications,CONFIRMED,Prescribe standard pharmacotherapy and lifestyle modifications. Review in 14 days.,2026-10-04,Month 3 evaluation. Patient tolerating oral medications well. Encouraged salt reduction.,2026-10-08 06:55:37
521,VIS-PHC--20260715-0018,NC-PHC-2026-0018,Soumya Hegde,Namma Clinic Local PHC,e2e_doctor_user,Routine monthly NCD refill and blood pressure checkup,History of present illness for Routine monthly NCD refill and blood pressure checkup. Duration 4 days.,Clinical examination consistent with Essential (primary) hypertension.,I10,Essential (primary) hypertension,CONFIRMED,Prescribe standard pharmacotherapy and lifestyle modifications. Review in 14 days.,2026-07-29,Month 1 evaluation. Patient tolerating oral medications well. Encouraged salt reduction.,2026-10-08 06:55:37
522,VIS-PHC--20260818-0018,NC-PHC-2026-0018,Soumya Hegde,Namma Clinic Local PHC,e2e_doctor_user,Routine monthly NCD refill and blood pressure checkup,History of present illness for Routine monthly NCD refill and blood pressure checkup. Duration 4 days.,Clinical examination consistent with Essential (primary) hypertension.,I10,Essential (primary) hypertension,CONFIRMED,Prescribe standard pharmacotherapy and lifestyle modifications. Review in 14 days.,2026-09-01,Month 2 evaluation. Patient tolerating oral medications well. Encouraged salt reduction.,2026-10-08 06:55:37
523,VIS-PHC--20260920-0018,NC-PHC-2026-0018,Soumya Hegde,Namma Clinic Local PHC,e2e_doctor_user,Routine monthly NCD refill and blood pressure checkup,History of present illness for Routine monthly NCD refill and blood pressure checkup. Duration 4 days.,Clinical examination consistent with Essential (primary) hypertension.,I10,Essential (primary) hypertension,CONFIRMED,Prescribe standard pharmacotherapy and lifestyle modifications. Review in 14 days.,2026-10-04,Month 3 evaluation. Patient tolerating oral medications well. Encouraged salt reduction.,2026-10-08 06:55:37
524,VIS-PHC--20260715-0019,NC-PHC-2026-0019,Girish Kulkarni,Namma Clinic Local PHC,e2e_doctor_user,Routine monthly NCD refill and blood pressure checkup,History of present illness for Routine monthly NCD refill and blood pressure checkup. Duration 4 days.,Clinical examination consistent with Type 2 diabetes mellitus without complications.,E11.9,Type 2 diabetes mellitus without complications,CONFIRMED,Prescribe standard pharmacotherapy and lifestyle modifications. Review in 14 days.,2026-07-29,Month 1 evaluation. Patient tolerating oral medications well. Encouraged salt reduction.,2026-10-08 06:55:37
525,VIS-PHC--20260818-0019,NC-PHC-2026-0019,Girish Kulkarni,Namma Clinic Local PHC,e2e_doctor_user,Routine monthly NCD refill and blood pressure checkup,History of present illness for Routine monthly NCD refill and blood pressure checkup. Duration 4 days.,Clinical examination consistent with Type 2 diabetes mellitus without complications.,E11.9,Type 2 diabetes mellitus without complications,CONFIRMED,Prescribe standard pharmacotherapy and lifestyle modifications. Review in 14 days.,2026-09-01,Month 2 evaluation. Patient tolerating oral medications well. Encouraged salt reduction.,2026-10-08 06:55:37
526,VIS-PHC--20260920-0019,NC-PHC-2026-0019,Girish Kulkarni,Namma Clinic Local PHC,e2e_doctor_user,Routine monthly NCD refill and blood pressure checkup,History of present illness for Routine monthly NCD refill and blood pressure checkup. Duration 4 days.,Clinical examination consistent with Type 2 diabetes mellitus without complications.,E11.9,Type 2 diabetes mellitus without complications,CONFIRMED,Prescribe standard pharmacotherapy and lifestyle modifications. Review in 14 days.,2026-10-04,Month 3 evaluation. Patient tolerating oral medications well. Encouraged salt reduction.,2026-10-08 06:55:37
527,VIS-PHC--20260715-0020,NC-PHC-2026-0020,Roopa Nayak,Namma Clinic Local PHC,e2e_doctor_user,Routine monthly NCD refill and blood pressure checkup,History of present illness for Routine monthly NCD refill and blood pressure checkup. Duration 4 days.,Clinical examination consistent with Type 2 diabetes mellitus without complications.,E11.9,Type 2 diabetes mellitus without complications,CONFIRMED,Prescribe standard pharmacotherapy and lifestyle modifications. Review in 14 days.,2026-07-29,Month 1 evaluation. Patient tolerating oral medications well. Encouraged salt reduction.,2026-10-08 06:55:37
528,VIS-PHC--20260818-0020,NC-PHC-2026-0020,Roopa Nayak,Namma Clinic Local PHC,e2e_doctor_user,Routine monthly NCD refill and blood pressure checkup,History of present illness for Routine monthly NCD refill and blood pressure checkup. Duration 4 days.,Clinical examination consistent with Type 2 diabetes mellitus without complications.,E11.9,Type 2 diabetes mellitus without complications,CONFIRMED,Prescribe standard pharmacotherapy and lifestyle modifications. Review in 14 days.,2026-09-01,Month 2 evaluation. Patient tolerating oral medications well. Encouraged salt reduction.,2026-10-08 06:55:37
529,VIS-PHC--20260920-0020,NC-PHC-2026-0020,Roopa Nayak,Namma Clinic Local PHC,e2e_doctor_user,Routine monthly NCD refill and blood pressure checkup,History of present illness for Routine monthly NCD refill and blood pressure checkup. Duration 4 days.,Clinical examination consistent with Type 2 diabetes mellitus without complications.,E11.9,Type 2 diabetes mellitus without complications,CONFIRMED,Prescribe standard pharmacotherapy and lifestyle modifications. Review in 14 days.,2026-10-04,Month 3 evaluation. Patient tolerating oral medications well. Encouraged salt reduction.,2026-10-08 06:55:37
530,VIS-PHC--20261003-0001,NC-PHC-2026-0021,Ravi Kumar,Namma Clinic Local PHC,e2e_doctor_user,"Continuous high fever for 4 days with severe headache, retro-orbital pain and backache","History of present illness for Continuous high fever for 4 days with severe headache, retro-orbital pain and backache. Duration 4 days.",Clinical examination consistent with Dengue fever [classical dengue].,A90,Dengue fever [classical dengue],CONFIRMED,Prescribe standard pharmacotherapy and lifestyle modifications. Review in 14 days.,2026-10-17,IDSP Surveillance Protocol: Dengue Fever. Lab investigation confirmed. Supportive therapy initiated.,2026-10-08 06:55:37
531,VIS-PHC--20261004-0001,NC-PHC-2026-0022,Preeti Shenoy,Namma Clinic Local PHC,e2e_doctor_user,"Step-ladder pattern fever, malaise, chills and dry cough for 6 days","History of present illness for Step-ladder pattern fever, malaise, chills and dry cough for 6 days. Duration 4 days.",Clinical examination consistent with Typhoid fever.,A01.0,Typhoid fever,CONFIRMED,Prescribe standard pharmacotherapy and lifestyle modifications. Review in 14 days.,2026-10-18,IDSP Surveillance Protocol: Typhoid Enteric Fever. Lab investigation confirmed. Supportive therapy initiated.,2026-10-08 06:55:37
532,VIS-PHC--20261005-0001,NC-PHC-2026-0023,Vijay Patil,Namma Clinic Local PHC,e2e_doctor_user,High fever with chills and profuse sweating occurring on alternate days,History of present illness for High fever with chills and profuse sweating occurring on alternate days. Duration 4 days.,Clinical examination consistent with Unspecified malaria.,B54,Unspecified malaria,CONFIRMED,Prescribe standard pharmacotherapy and lifestyle modifications. Review in 14 days.,2026-10-19,IDSP Surveillance Protocol: Malaria. Lab investigation confirmed. Supportive therapy initiated.,2026-10-08 06:55:37
533,VIS-PHC--20261006-0001,NC-PHC-2026-0024,Geetha Raman,Namma Clinic Local PHC,e2e_doctor_user,"Acute watery diarrhea and vomiting, dehydration symptoms","History of present illness for Acute watery diarrhea and vomiting, dehydration symptoms. Duration 4 days.","Clinical examination consistent with Infectious gastroenteritis and colitis, unspecified.",A09,"Infectious gastroenteritis and colitis, unspecified",CONFIRMED,Prescribe standard pharmacotherapy and lifestyle modifications. Review in 14 days.,2026-10-20,IDSP Surveillance Protocol: Acute Gastroenteritis / Choleraic Diarrhea. Lab investigation confirmed. Supportive therapy initiated.,2026-10-08 06:55:37
534,VIS-PHC--20261007-0001,NC-PHC-2026-0025,Mohan Bhat,Namma Clinic Local PHC,e2e_doctor_user,"Continuous high fever for 4 days with severe headache, retro-orbital pain and backache","History of present illness for Continuous high fever for 4 days with severe headache, retro-orbital pain and backache. Duration 4 days.",Clinical examination consistent with Dengue fever [classical dengue].,A90,Dengue fever [classical dengue],CONFIRMED,Prescribe standard pharmacotherapy and lifestyle modifications. Review in 14 days.,2026-10-21,IDSP Surveillance Protocol: Dengue Fever. Lab investigation confirmed. Supportive therapy initiated.,2026-10-08 06:55:37
535,VIS-PHC--20261001-0001,NC-PHC-2026-0026,Archana Kulkarni,Namma Clinic Local PHC,e2e_doctor_user,"Step-ladder pattern fever, malaise, chills and dry cough for 6 days","History of present illness for Step-ladder pattern fever, malaise, chills and dry cough for 6 days. Duration 4 days.",Clinical examination consistent with Typhoid fever.,A01.0,Typhoid fever,CONFIRMED,Prescribe standard pharmacotherapy and lifestyle modifications. Review in 14 days.,2026-10-15,IDSP Surveillance Protocol: Typhoid Enteric Fever. Lab investigation confirmed. Supportive therapy initiated.,2026-10-08 06:55:37
536,VIS-PHC--20261002-0001,NC-PHC-2026-0027,Santosh Gowda,Namma Clinic Local PHC,e2e_doctor_user,"Continuous high fever for 4 days with severe headache, retro-orbital pain and backache","History of present illness for Continuous high fever for 4 days with severe headache, retro-orbital pain and backache. Duration 4 days.",Clinical examination consistent with Dengue fever [classical dengue].,A90,Dengue fever [classical dengue],CONFIRMED,Prescribe standard pharmacotherapy and lifestyle modifications. Review in 14 days.,2026-10-16,IDSP Surveillance Protocol: Dengue Fever. Lab investigation confirmed. Supportive therapy initiated.,2026-10-08 06:55:37
537,VIS-PHC--20261003-0002,NC-PHC-2026-0028,Vidya Shankar,Namma Clinic Local PHC,e2e_doctor_user,"Acute watery diarrhea and vomiting, dehydration symptoms","History of present illness for Acute watery diarrhea and vomiting, dehydration symptoms. Duration 4 days.","Clinical examination consistent with Infectious gastroenteritis and colitis, unspecified.",A09,"Infectious gastroenteritis and colitis, unspecified",CONFIRMED,Prescribe standard pharmacotherapy and lifestyle modifications. Review in 14 days.,2026-10-17,IDSP Surveillance Protocol: Acute Gastroenteritis / Choleraic Diarrhea. Lab investigation confirmed. Supportive therapy initiated.,2026-10-08 06:55:37
538,VIS-PHC--20261004-0002,NC-PHC-2026-0029,Harish Reddy,Namma Clinic Local PHC,e2e_doctor_user,"Step-ladder pattern fever, malaise, chills and dry cough for 6 days","History of present illness for Step-ladder pattern fever, malaise, chills and dry cough for 6 days. Duration 4 days.",Clinical examination consistent with Typhoid fever.,A01.0,Typhoid fever,CONFIRMED,Prescribe standard pharmacotherapy and lifestyle modifications. Review in 14 days.,2026-10-18,IDSP Surveillance Protocol: Typhoid Enteric Fever. Lab investigation confirmed. Supportive therapy initiated.,2026-10-08 06:55:37
539,VIS-PHC--20261005-0002,NC-PHC-2026-0030,Nalini Hegde,Namma Clinic Local PHC,e2e_doctor_user,High fever with chills and profuse sweating occurring on alternate days,History of present illness for High fever with chills and profuse sweating occurring on alternate days. Duration 4 days.,Clinical examination consistent with Unspecified malaria.,B54,Unspecified malaria,CONFIRMED,Prescribe standard pharmacotherapy and lifestyle modifications. Review in 14 days.,2026-10-19,IDSP Surveillance Protocol: Malaria. Lab investigation confirmed. Supportive therapy initiated.,2026-10-08 06:55:37
540,VIS-PHC--20261006-0002,NC-PHC-2026-0031,Kiran Acharya,Namma Clinic Local PHC,e2e_doctor_user,"Acute watery diarrhea and vomiting, dehydration symptoms","History of present illness for Acute watery diarrhea and vomiting, dehydration symptoms. Duration 4 days.","Clinical examination consistent with Infectious gastroenteritis and colitis, unspecified.",A09,"Infectious gastroenteritis and colitis, unspecified",CONFIRMED,Prescribe standard pharmacotherapy and lifestyle modifications. Review in 14 days.,2026-10-20,IDSP Surveillance Protocol: Acute Gastroenteritis / Choleraic Diarrhea. Lab investigation confirmed. Supportive therapy initiated.,2026-10-08 06:55:37
541,VIS-PHC--20261007-0002,NC-PHC-2026-0032,Bhavana Rao,Namma Clinic Local PHC,e2e_doctor_user,"Continuous high fever for 4 days with severe headache, retro-orbital pain and backache","History of present illness for Continuous high fever for 4 days with severe headache, retro-orbital pain and backache. Duration 4 days.",Clinical examination consistent with Dengue fever [classical dengue].,A90,Dengue fever [classical dengue],CONFIRMED,Prescribe standard pharmacotherapy and lifestyle modifications. Review in 14 days.,2026-10-21,IDSP Surveillance Protocol: Dengue Fever. Lab investigation confirmed. Supportive therapy initiated.,2026-10-08 06:55:37
542,VIS-PHC--20261004-0003,NC-PHC-2026-0033,Shivakumar Swamy,Namma Clinic Local PHC,e2e_doctor_user,"Sore throat, runny nose and mild dry cough for 3 days","History of present illness for Sore throat, runny nose and mild dry cough for 3 days. Duration 4 days.","Clinical examination consistent with Acute upper respiratory infection, unspecified.",J06.9,"Acute upper respiratory infection, unspecified",CONFIRMED,Prescribe standard pharmacotherapy and lifestyle modifications. Review in 14 days.,2026-10-18,"General OPD care: Acute upper respiratory infection, unspecified. Prescribed symptomatic medications.",2026-10-08 06:55:37
543,VIS-PHC--20261005-0003,NC-PHC-2026-0034,Usha Devi,Namma Clinic Local PHC,e2e_doctor_user,"Productive cough with white sputum, chest congestion","History of present illness for Productive cough with white sputum, chest congestion. Duration 4 days.","Clinical examination consistent with Acute bronchitis, unspecified.",J20.9,"Acute bronchitis, unspecified",CONFIRMED,Prescribe standard pharmacotherapy and lifestyle modifications. Review in 14 days.,2026-10-19,"General OPD care: Acute bronchitis, unspecified. Prescribed symptomatic medications.",2026-10-08 06:55:37
544,VIS-PHC--20261006-0003,NC-PHC-2026-0035,Mahesh Prabhu,Namma Clinic Local PHC,e2e_doctor_user,"Burning epigastric pain, acid reflux after meals","History of present illness for Burning epigastric pain, acid reflux after meals. Duration 4 days.","Clinical examination consistent with Gastritis, unspecified.",K29.7,"Gastritis, unspecified",CONFIRMED,Prescribe standard pharmacotherapy and lifestyle modifications. Review in 14 days.,2026-10-20,"General OPD care: Gastritis, unspecified. Prescribed symptomatic medications.",2026-10-08 06:55:37
545,VIS-PHC--20261007-0003,NC-PHC-2026-0036,Suma Shetty,Namma Clinic Local PHC,e2e_doctor_user,Bilateral knee joint stiffness and pain during walking,History of present illness for Bilateral knee joint stiffness and pain during walking. Duration 4 days.,"Clinical examination consistent with Pain in joint, unspecified.",M25.5,"Pain in joint, unspecified",CONFIRMED,Prescribe standard pharmacotherapy and lifestyle modifications. Review in 14 days.,2026-10-21,"General OPD care: Pain in joint, unspecified. Prescribed symptomatic medications.",2026-10-08 06:55:37
546,VIS-PHC--20261003-0003,NC-PHC-2026-0037,Chandrakanth Patil,Namma Clinic Local PHC,e2e_doctor_user,Itchy erythematous rash on forearms and neck,History of present illness for Itchy erythematous rash on forearms and neck. Duration 4 days.,"Clinical examination consistent with Dermatitis, unspecified.",L30.9,"Dermatitis, unspecified",CONFIRMED,Prescribe standard pharmacotherapy and lifestyle modifications. Review in 14 days.,2026-10-17,"General OPD care: Dermatitis, unspecified. Prescribed symptomatic medications.",2026-10-08 06:55:37
547,VIS-PHC--20261004-0004,NC-PHC-2026-0038,Shilpa Kulkarni,Namma Clinic Local PHC,e2e_doctor_user,"Generalized fatigue, weakness and pale conjunctiva","History of present illness for Generalized fatigue, weakness and pale conjunctiva. Duration 4 days.","Clinical examination consistent with Iron deficiency anemia, unspecified.",D50.9,"Iron deficiency anemia, unspecified",CONFIRMED,Prescribe standard pharmacotherapy and lifestyle modifications. Review in 14 days.,2026-10-18,"General OPD care: Iron deficiency anemia, unspecified. Prescribed symptomatic medications.",2026-10-08 06:55:38
548,VIS-PHC--20261005-0004,NC-PHC-2026-0039,Naveen Gowda,Namma Clinic Local PHC,e2e_doctor_user,"Sore throat, runny nose and mild dry cough for 3 days","History of present illness for Sore throat, runny nose and mild dry cough for 3 days. Duration 4 days.","Clinical examination consistent with Acute upper respiratory infection, unspecified.",J06.9,"Acute upper respiratory infection, unspecified",CONFIRMED,Prescribe standard pharmacotherapy and lifestyle modifications. Review in 14 days.,2026-10-19,"General OPD care: Acute upper respiratory infection, unspecified. Prescribed symptomatic medications.",2026-10-08 06:55:38
549,VIS-PHC--20261006-0004,NC-PHC-2026-0040,Deepthi Bhat,Namma Clinic Local PHC,e2e_doctor_user,"Burning epigastric pain, acid reflux after meals","History of present illness for Burning epigastric pain, acid reflux after meals. Duration 4 days.","Clinical examination consistent with Gastritis, unspecified.",K29.7,"Gastritis, unspecified",CONFIRMED,Prescribe standard pharmacotherapy and lifestyle modifications. Review in 14 days.,2026-10-20,"General OPD care: Gastritis, unspecified. Prescribed symptomatic medications.",2026-10-08 06:55:38
550,VIS-PHC--20261007-0004,NC-PHC-2026-0041,Jagadeesh Murthy,Namma Clinic Local PHC,e2e_doctor_user,Bilateral knee joint stiffness and pain during walking,History of present illness for Bilateral knee joint stiffness and pain during walking. Duration 4 days.,"Clinical examination consistent with Pain in joint, unspecified.",M25.5,"Pain in joint, unspecified",CONFIRMED,Prescribe standard pharmacotherapy and lifestyle modifications. Review in 14 days.,2026-10-21,"General OPD care: Pain in joint, unspecified. Prescribed symptomatic medications.",2026-10-08 06:55:38
551,VIS-PHC--20261003-0004,NC-PHC-2026-0042,Rashmi Kamath,Namma Clinic Local PHC,e2e_doctor_user,"Sore throat, runny nose and mild dry cough for 3 days","History of present illness for Sore throat, runny nose and mild dry cough for 3 days. Duration 4 days.","Clinical examination consistent with Acute upper respiratory infection, unspecified.",J06.9,"Acute upper respiratory infection, unspecified",CONFIRMED,Prescribe standard pharmacotherapy and lifestyle modifications. Review in 14 days.,2026-10-17,"General OPD care: Acute upper respiratory infection, unspecified. Prescribed symptomatic medications.",2026-10-08 06:55:38
552,VIS-PHC--20261004-0005,NC-PHC-2026-0043,Madhusudhan Rao,Namma Clinic Local PHC,e2e_doctor_user,"Productive cough with white sputum, chest congestion","History of present illness for Productive cough with white sputum, chest congestion. Duration 4 days.","Clinical examination consistent with Acute bronchitis, unspecified.",J20.9,"Acute bronchitis, unspecified",CONFIRMED,Prescribe standard pharmacotherapy and lifestyle modifications. Review in 14 days.,2026-10-18,"General OPD care: Acute bronchitis, unspecified. Prescribed symptomatic medications.",2026-10-08 06:55:38
553,VIS-PHC--20261005-0005,NC-PHC-2026-0044,Divya Shenoy,Namma Clinic Local PHC,e2e_doctor_user,"Generalized fatigue, weakness and pale conjunctiva","History of present illness for Generalized fatigue, weakness and pale conjunctiva. Duration 4 days.","Clinical examination consistent with Iron deficiency anemia, unspecified.",D50.9,"Iron deficiency anemia, unspecified",CONFIRMED,Prescribe standard pharmacotherapy and lifestyle modifications. Review in 14 days.,2026-10-19,"General OPD care: Iron deficiency anemia, unspecified. Prescribed symptomatic medications.",2026-10-08 06:55:38
554,VIS-PHC--20261006-0005,NC-PHC-2026-0045,Anil Kumar,Namma Clinic Local PHC,e2e_doctor_user,"Sore throat, runny nose and mild dry cough for 3 days","History of present illness for Sore throat, runny nose and mild dry cough for 3 days. Duration 4 days.","Clinical examination consistent with Acute upper respiratory infection, unspecified.",J06.9,"Acute upper respiratory infection, unspecified",CONFIRMED,Prescribe standard pharmacotherapy and lifestyle modifications. Review in 14 days.,2026-10-20,"General OPD care: Acute upper respiratory infection, unspecified. Prescribed symptomatic medications.",2026-10-08 06:55:38
555,VIS-PHC--20261007-0005,NC-PHC-2026-0046,Padma Sundaram,Namma Clinic Local PHC,e2e_doctor_user,Bilateral knee joint stiffness and pain during walking,History of present illness for Bilateral knee joint stiffness and pain during walking. Duration 4 days.,"Clinical examination consistent with Pain in joint, unspecified.",M25.5,"Pain in joint, unspecified",CONFIRMED,Prescribe standard pharmacotherapy and lifestyle modifications. Review in 14 days.,2026-10-21,"General OPD care: Pain in joint, unspecified. Prescribed symptomatic medications.",2026-10-08 06:55:38
556,VIS-PHC--20260929-0001,NC-PHC-2026-0047,Sunil Hegde,Namma Clinic Local PHC,e2e_doctor_user,"Referral evaluation: Dengue Fever with Falling Platelets (< 50,000 /mcL) and Petechial Rash","History of present illness for Referral evaluation: Dengue Fever with Falling Platelets (< 50,000 /mcL) and Petechial Rash. Duration 4 days.",Clinical examination consistent with Dengue fever [classical dengue].,A90,Dengue fever [classical dengue],CONFIRMED,Prescribe standard pharmacotherapy and lifestyle modifications. Review in 14 days.,2026-10-13,"Initial primary assessment at Namma Clinic Local PHC. Requires secondary/tertiary hospital intervention: Dengue Fever with Falling Platelets (< 50,000 /mcL) and Petechial Rash.",2026-10-08 06:55:38
557,VIS-PHC--20260930-0001,NC-PHC-2026-0048,Bharati Nayak,Namma Clinic Local PHC,e2e_doctor_user,Referral evaluation: Suspected Acute Appendicitis with Right Iliac Fossa Rebound Tenderness,History of present illness for Referral evaluation: Suspected Acute Appendicitis with Right Iliac Fossa Rebound Tenderness. Duration 4 days.,"Clinical examination consistent with Gastritis, unspecified.",K29.7,"Gastritis, unspecified",CONFIRMED,Prescribe standard pharmacotherapy and lifestyle modifications. Review in 14 days.,2026-10-14,Initial primary assessment at Namma Clinic Local PHC. Requires secondary/tertiary hospital intervention: Suspected Acute Appendicitis with Right Iliac Fossa Rebound Tenderness.,2026-10-08 06:55:38
558,VIS-PHC--20261001-0002,NC-PHC-2026-0049,Ashok Kulkarni,Namma Clinic Local PHC,e2e_doctor_user,Referral evaluation: Resistant Grade 3 Hypertension with Fundus Changes (Retinopathy),History of present illness for Referral evaluation: Resistant Grade 3 Hypertension with Fundus Changes (Retinopathy). Duration 4 days.,Clinical examination consistent with Essential (primary) hypertension.,I10,Essential (primary) hypertension,CONFIRMED,Prescribe standard pharmacotherapy and lifestyle modifications. Review in 14 days.,2026-10-15,Initial primary assessment at Namma Clinic Local PHC. Requires secondary/tertiary hospital intervention: Resistant Grade 3 Hypertension with Fundus Changes (Retinopathy).,2026-10-08 06:55:38
559,VIS-PHC--20261002-0002,NC-PHC-2026-0050,Veena Prabhu,Namma Clinic Local PHC,e2e_doctor_user,Referral evaluation: Uncontrolled Diabetes with Grade 2 Wagner Diabetic Foot Ulcer,History of present illness for Referral evaluation: Uncontrolled Diabetes with Grade 2 Wagner Diabetic Foot Ulcer. Duration 4 days.,Clinical examination consistent with Type 2 diabetes mellitus without complications.,E11.9,Type 2 diabetes mellitus without complications,CONFIRMED,Prescribe standard pharmacotherapy and lifestyle modifications. Review in 14 days.,2026-10-16,Initial primary assessment at Namma Clinic Local PHC. Requires secondary/tertiary hospital intervention: Uncontrolled Diabetes with Grade 2 Wagner Diabetic Foot Ulcer.,2026-10-08 06:55:38
560,VIS-PHC--20261003-0005,NC-PHC-2026-0051,Prasanna Kumar,Namma Clinic Local PHC,e2e_doctor_user,Referral evaluation: Diabetic Nephropathy Stage 3 with Elevated Serum Creatinine (2.4 mg/dL),History of present illness for Referral evaluation: Diabetic Nephropathy Stage 3 with Elevated Serum Creatinine (2.4 mg/dL). Duration 4 days.,Clinical examination consistent with Type 2 diabetes mellitus without complications.,E11.9,Type 2 diabetes mellitus without complications,CONFIRMED,Prescribe standard pharmacotherapy and lifestyle modifications. Review in 14 days.,2026-10-17,Initial primary assessment at Namma Clinic Local PHC. Requires secondary/tertiary hospital intervention: Diabetic Nephropathy Stage 3 with Elevated Serum Creatinine (2.4 mg/dL).,2026-10-08 06:55:38
561,VIS-PHC--20261004-0006,NC-PHC-2026-0052,Radhika Bhat,Namma Clinic Local PHC,e2e_doctor_user,Referral evaluation: Atypical Angina Pectoris on Exertion - Cardiology Evaluation,History of present illness for Referral evaluation: Atypical Angina Pectoris on Exertion - Cardiology Evaluation. Duration 4 days.,Clinical examination consistent with Essential (primary) hypertension.,I10,Essential (primary) hypertension,CONFIRMED,Prescribe standard pharmacotherapy and lifestyle modifications. Review in 14 days.,2026-10-18,Initial primary assessment at Namma Clinic Local PHC. Requires secondary/tertiary hospital intervention: Atypical Angina Pectoris on Exertion - Cardiology Evaluation.,2026-10-08 06:55:38
562,VIS-PHC--20261005-0006,NC-PHC-2026-0053,Nagaraj Gowda,Namma Clinic Local PHC,e2e_doctor_user,Referral evaluation: Chronic Productive Cough with Exertional Dyspnea - Pulmonology Review,History of present illness for Referral evaluation: Chronic Productive Cough with Exertional Dyspnea - Pulmonology Review. Duration 4 days.,"Clinical examination consistent with Acute bronchitis, unspecified.",J20.9,"Acute bronchitis, unspecified",CONFIRMED,Prescribe standard pharmacotherapy and lifestyle modifications. Review in 14 days.,2026-10-19,Initial primary assessment at Namma Clinic Local PHC. Requires secondary/tertiary hospital intervention: Chronic Productive Cough with Exertional Dyspnea - Pulmonology Review.,2026-10-08 06:55:38
563,VIS-PHC--20261006-0006,NC-PHC-2026-0054,Swathi Rao,Namma Clinic Local PHC,e2e_doctor_user,Referral evaluation: Severe Tricompartmental Osteoarthritis Knee - Orthopedic Arthroplasty Review,History of present illness for Referral evaluation: Severe Tricompartmental Osteoarthritis Knee - Orthopedic Arthroplasty Review. Duration 4 days.,"Clinical examination consistent with Pain in joint, unspecified.",M25.5,"Pain in joint, unspecified",CONFIRMED,Prescribe standard pharmacotherapy and lifestyle modifications. Review in 14 days.,2026-10-20,Initial primary assessment at Namma Clinic Local PHC. Requires secondary/tertiary hospital intervention: Severe Tricompartmental Osteoarthritis Knee - Orthopedic Arthroplasty Review.,2026-10-08 06:55:38
564,VIS-PHC--20261008-0007,NC-PHC-2026-0001,Ramesh Gowda,Namma Clinic Local PHC,e2e_doctor_user,Doctor consultation conducted: Blood investigation ordered and specimen drawn,History of present illness for Doctor consultation conducted: Blood investigation ordered and specimen drawn. Duration 4 days.,Clinical examination consistent with Type 2 diabetes mellitus without complications.,E11.9,Type 2 diabetes mellitus without complications,PROVISIONAL,Prescribe standard pharmacotherapy and lifestyle modifications. Review in 14 days.,2026-10-22,Consultation initiated. Awaiting rapid lab analyzer confirmation before dispensing.,2026-10-08 06:55:38
565,VIS-PHC--20261008-0008,NC-PHC-2026-0021,Ravi Kumar,Namma Clinic Local PHC,e2e_doctor_user,Doctor consultation conducted: Blood investigation ordered and specimen drawn,History of present illness for Doctor consultation conducted: Blood investigation ordered and specimen drawn. Duration 4 days.,Clinical examination consistent with Dengue fever [classical dengue].,A90,Dengue fever [classical dengue],PROVISIONAL,Prescribe standard pharmacotherapy and lifestyle modifications. Review in 14 days.,2026-10-22,Consultation initiated. Awaiting rapid lab analyzer confirmation before dispensing.,2026-10-08 06:55:38
566,VIS-PHC--20261008-0009,NC-PHC-2026-0002,Ananya Bhat,Namma Clinic Local PHC,e2e_doctor_user,"Consultation finished: Prescription issued, waiting at medicine dispensary window","History of present illness for Consultation finished: Prescription issued, waiting at medicine dispensary window. Duration 4 days.",Clinical examination consistent with Type 2 diabetes mellitus without complications.,E11.9,Type 2 diabetes mellitus without complications,PROVISIONAL,Prescribe standard pharmacotherapy and lifestyle modifications. Review in 14 days.,2026-10-22,Prescription verified by pharmacist. Awaiting physical dispensing.,2026-10-08 06:55:38
567,VIS-PHC--20261008-0010,NC-PHC-2026-0022,Preeti Shenoy,Namma Clinic Local PHC,e2e_doctor_user,"Consultation finished: Prescription issued, waiting at medicine dispensary window","History of present illness for Consultation finished: Prescription issued, waiting at medicine dispensary window. Duration 4 days.","Clinical examination consistent with Acute upper respiratory infection, unspecified.",J06.9,"Acute upper respiratory infection, unspecified",PROVISIONAL,Prescribe standard pharmacotherapy and lifestyle modifications. Review in 14 days.,2026-10-22,Prescription verified by pharmacist. Awaiting physical dispensing.,2026-10-08 06:55:38
568,VIS-PHC--20261008-0011,NC-PHC-2026-0003,Suresh Hegde,Namma Clinic Local PHC,e2e_doctor_user,"Morning OPD completed: Full journey through triage, consult, lab and pharmacy","History of present illness for Morning OPD completed: Full journey through triage, consult, lab and pharmacy. Duration 4 days.",Clinical examination consistent with Essential (primary) hypertension.,I10,Essential (primary) hypertension,CONFIRMED,Prescribe standard pharmacotherapy and lifestyle modifications. Review in 14 days.,2026-10-22,Complete visit completed earlier today. Medications dispensed and counselled.,2026-10-08 06:55:38
569,VIS-PHC--20261008-0012,NC-PHC-2026-0004,Deepa Rao,Namma Clinic Local PHC,e2e_doctor_user,"Morning OPD completed: Full journey through triage, consult, lab and pharmacy","History of present illness for Morning OPD completed: Full journey through triage, consult, lab and pharmacy. Duration 4 days.",Clinical examination consistent with Type 2 diabetes mellitus without complications.,E11.9,Type 2 diabetes mellitus without complications,CONFIRMED,Prescribe standard pharmacotherapy and lifestyle modifications. Review in 14 days.,2026-10-22,Complete visit completed earlier today. Medications dispensed and counselled.,2026-10-08 06:55:38
570,VIS-PHC--20261008-0013,NC-PHC-2026-0033,Shivakumar Swamy,Namma Clinic Local PHC,e2e_doctor_user,"Morning OPD completed: Full journey through triage, consult, lab and pharmacy","History of present illness for Morning OPD completed: Full journey through triage, consult, lab and pharmacy. Duration 4 days.","Clinical examination consistent with Acute upper respiratory infection, unspecified.",J06.9,"Acute upper respiratory infection, unspecified",CONFIRMED,Prescribe standard pharmacotherapy and lifestyle modifications. Review in 14 days.,2026-10-22,Complete visit completed earlier today. Medications dispensed and counselled.,2026-10-08 06:55:38
571,VIS-PHC--20261008-0014,NC-PHC-2026-0034,Usha Devi,Namma Clinic Local PHC,e2e_doctor_user,"Morning OPD completed: Full journey through triage, consult, lab and pharmacy","History of present illness for Morning OPD completed: Full journey through triage, consult, lab and pharmacy. Duration 4 days.","Clinical examination consistent with Acute bronchitis, unspecified.",J20.9,"Acute bronchitis, unspecified",CONFIRMED,Prescribe standard pharmacotherapy and lifestyle modifications. Review in 14 days.,2026-10-22,Complete visit completed earlier today. Medications dispensed and counselled.,2026-10-08 06:55:38
