Order Number,Visit ID,Patient ID,Patient Name,Facility,Order Date,Priority,Clinical Indication,Test Code,Test Name,Specimen,Test Status,Result Text,Result Numeric,Unit,Reference Range,Flag,Verified At,Verified By
ORD-20260715-0001,VIS-PHC--20260715-0001,NC-PHC-2026-0001,Ramesh Gowda,Namma Clinic Local PHC,2026-07-15,URGENT,Evaluate Essential (primary) hypertension,HBA1C,HbA1c Glycated Hemoglobin,WHOLE_BLOOD,COMPLETED,159 mg/dL,7.4000,%,4.0 - 5.6 % %,ABNORMAL,2026-07-15 04:11:00,e2e_lab_user
ORD-20260818-0002,VIS-PHC--20260818-0001,NC-PHC-2026-0001,Ramesh Gowda,Namma Clinic Local PHC,2026-08-18,URGENT,Evaluate Essential (primary) hypertension,FBG,Fasting Blood Glucose,PLASMA,COMPLETED,147 mg/dL,147.0000,mg/dL,70 - 100 mg/dL mg/dL,ABNORMAL,2026-08-18 04:11:00,e2e_lab_user
ORD-20260920-0003,VIS-PHC--20260920-0001,NC-PHC-2026-0001,Ramesh Gowda,Namma Clinic Local PHC,2026-09-20,ROUTINE,Evaluate Essential (primary) hypertension,FBG,Fasting Blood Glucose,PLASMA,COMPLETED,135 mg/dL,135.0000,mg/dL,70 - 100 mg/dL mg/dL,NORMAL,2026-09-20 04:11:00,e2e_lab_user
ORD-20260715-0004,VIS-PHC--20260715-0002,NC-PHC-2026-0002,Ananya Bhat,Namma Clinic Local PHC,2026-07-15,URGENT,Evaluate Type 2 diabetes mellitus without complications,HBA1C,HbA1c Glycated Hemoglobin,WHOLE_BLOOD,COMPLETED,160 mg/dL,7.4000,%,4.0 - 5.6 % %,ABNORMAL,2026-07-15 04:12:00,e2e_lab_user
ORD-20260818-0005,VIS-PHC--20260818-0002,NC-PHC-2026-0002,Ananya Bhat,Namma Clinic Local PHC,2026-08-18,URGENT,Evaluate Type 2 diabetes mellitus without complications,FBG,Fasting Blood Glucose,PLASMA,COMPLETED,148 mg/dL,148.0000,mg/dL,70 - 100 mg/dL mg/dL,ABNORMAL,2026-08-18 04:12:00,e2e_lab_user
ORD-20260920-0006,VIS-PHC--20260920-0002,NC-PHC-2026-0002,Ananya Bhat,Namma Clinic Local PHC,2026-09-20,ROUTINE,Evaluate Type 2 diabetes mellitus without complications,FBG,Fasting Blood Glucose,PLASMA,COMPLETED,136 mg/dL,136.0000,mg/dL,70 - 100 mg/dL mg/dL,NORMAL,2026-09-20 04:12:00,e2e_lab_user
ORD-20260715-0007,VIS-PHC--20260715-0003,NC-PHC-2026-0003,Suresh Hegde,Namma Clinic Local PHC,2026-07-15,URGENT,Evaluate Type 2 diabetes mellitus without complications,HBA1C,HbA1c Glycated Hemoglobin,WHOLE_BLOOD,COMPLETED,161 mg/dL,7.4000,%,4.0 - 5.6 % %,ABNORMAL,2026-07-15 04:13:00,e2e_lab_user
ORD-20260818-0008,VIS-PHC--20260818-0003,NC-PHC-2026-0003,Suresh Hegde,Namma Clinic Local PHC,2026-08-18,URGENT,Evaluate Type 2 diabetes mellitus without complications,FBG,Fasting Blood Glucose,PLASMA,COMPLETED,149 mg/dL,149.0000,mg/dL,70 - 100 mg/dL mg/dL,ABNORMAL,2026-08-18 04:13:00,e2e_lab_user
ORD-20260920-0009,VIS-PHC--20260920-0003,NC-PHC-2026-0003,Suresh Hegde,Namma Clinic Local PHC,2026-09-20,ROUTINE,Evaluate Type 2 diabetes mellitus without complications,FBG,Fasting Blood Glucose,PLASMA,COMPLETED,137 mg/dL,137.0000,mg/dL,70 - 100 mg/dL mg/dL,NORMAL,2026-09-20 04:13:00,e2e_lab_user
ORD-20260715-0010,VIS-PHC--20260715-0004,NC-PHC-2026-0004,Deepa Rao,Namma Clinic Local PHC,2026-07-15,URGENT,Evaluate Essential (primary) hypertension,HBA1C,HbA1c Glycated Hemoglobin,WHOLE_BLOOD,COMPLETED,162 mg/dL,7.4000,%,4.0 - 5.6 % %,ABNORMAL,2026-07-15 04:14:00,e2e_lab_user
ORD-20260818-0011,VIS-PHC--20260818-0004,NC-PHC-2026-0004,Deepa Rao,Namma Clinic Local PHC,2026-08-18,URGENT,Evaluate Essential (primary) hypertension,FBG,Fasting Blood Glucose,PLASMA,COMPLETED,150 mg/dL,150.0000,mg/dL,70 - 100 mg/dL mg/dL,ABNORMAL,2026-08-18 04:14:00,e2e_lab_user
ORD-20260920-0012,VIS-PHC--20260920-0004,NC-PHC-2026-0004,Deepa Rao,Namma Clinic Local PHC,2026-09-20,ROUTINE,Evaluate Essential (primary) hypertension,FBG,Fasting Blood Glucose,PLASMA,COMPLETED,138 mg/dL,138.0000,mg/dL,70 - 100 mg/dL mg/dL,NORMAL,2026-09-20 04:14:00,e2e_lab_user
ORD-20260715-0013,VIS-PHC--20260715-0005,NC-PHC-2026-0005,Venkatesh Prasad,Namma Clinic Local PHC,2026-07-15,URGENT,Evaluate Type 2 diabetes mellitus without complications,HBA1C,HbA1c Glycated Hemoglobin,WHOLE_BLOOD,COMPLETED,163 mg/dL,7.4000,%,4.0 - 5.6 % %,ABNORMAL,2026-07-15 04:15:00,e2e_lab_user
ORD-20260818-0014,VIS-PHC--20260818-0005,NC-PHC-2026-0005,Venkatesh Prasad,Namma Clinic Local PHC,2026-08-18,URGENT,Evaluate Type 2 diabetes mellitus without complications,FBG,Fasting Blood Glucose,PLASMA,COMPLETED,151 mg/dL,151.0000,mg/dL,70 - 100 mg/dL mg/dL,ABNORMAL,2026-08-18 04:15:00,e2e_lab_user
ORD-20260920-0015,VIS-PHC--20260920-0005,NC-PHC-2026-0005,Venkatesh Prasad,Namma Clinic Local PHC,2026-09-20,ROUTINE,Evaluate Type 2 diabetes mellitus without complications,FBG,Fasting Blood Glucose,PLASMA,COMPLETED,139 mg/dL,139.0000,mg/dL,70 - 100 mg/dL mg/dL,NORMAL,2026-09-20 04:15:00,e2e_lab_user
ORD-20260715-0016,VIS-PHC--20260715-0006,NC-PHC-2026-0006,Kavitha Kulkarni,Namma Clinic Local PHC,2026-07-15,URGENT,Evaluate Type 2 diabetes mellitus without complications,HBA1C,HbA1c Glycated Hemoglobin,WHOLE_BLOOD,COMPLETED,164 mg/dL,7.4000,%,4.0 - 5.6 % %,ABNORMAL,2026-07-15 04:16:00,e2e_lab_user
ORD-20260818-0017,VIS-PHC--20260818-0006,NC-PHC-2026-0006,Kavitha Kulkarni,Namma Clinic Local PHC,2026-08-18,URGENT,Evaluate Type 2 diabetes mellitus without complications,FBG,Fasting Blood Glucose,PLASMA,COMPLETED,152 mg/dL,152.0000,mg/dL,70 - 100 mg/dL mg/dL,ABNORMAL,2026-08-18 04:16:00,e2e_lab_user
ORD-20260920-0018,VIS-PHC--20260920-0006,NC-PHC-2026-0006,Kavitha Kulkarni,Namma Clinic Local PHC,2026-09-20,ROUTINE,Evaluate Type 2 diabetes mellitus without complications,FBG,Fasting Blood Glucose,PLASMA,COMPLETED,140 mg/dL,140.0000,mg/dL,70 - 100 mg/dL mg/dL,NORMAL,2026-09-20 04:16:00,e2e_lab_user
ORD-20260715-0019,VIS-PHC--20260715-0007,NC-PHC-2026-0007,Basavaraj Nayak,Namma Clinic Local PHC,2026-07-15,URGENT,Evaluate Essential (primary) hypertension,HBA1C,HbA1c Glycated Hemoglobin,WHOLE_BLOOD,COMPLETED,165 mg/dL,7.4000,%,4.0 - 5.6 % %,ABNORMAL,2026-07-15 04:17:00,e2e_lab_user
ORD-20260818-0020,VIS-PHC--20260818-0007,NC-PHC-2026-0007,Basavaraj Nayak,Namma Clinic Local PHC,2026-08-18,URGENT,Evaluate Essential (primary) hypertension,FBG,Fasting Blood Glucose,PLASMA,COMPLETED,153 mg/dL,153.0000,mg/dL,70 - 100 mg/dL mg/dL,ABNORMAL,2026-08-18 04:17:00,e2e_lab_user
ORD-20260920-0021,VIS-PHC--20260920-0007,NC-PHC-2026-0007,Basavaraj Nayak,Namma Clinic Local PHC,2026-09-20,URGENT,Evaluate Essential (primary) hypertension,FBG,Fasting Blood Glucose,PLASMA,COMPLETED,141 mg/dL,141.0000,mg/dL,70 - 100 mg/dL mg/dL,ABNORMAL,2026-09-20 04:17:00,e2e_lab_user
ORD-20260715-0022,VIS-PHC--20260715-0008,NC-PHC-2026-0008,Pooja Shetty,Namma Clinic Local PHC,2026-07-15,URGENT,Evaluate Type 2 diabetes mellitus without complications,HBA1C,HbA1c Glycated Hemoglobin,WHOLE_BLOOD,COMPLETED,158 mg/dL,7.4000,%,4.0 - 5.6 % %,ABNORMAL,2026-07-15 04:18:00,e2e_lab_user
ORD-20260818-0023,VIS-PHC--20260818-0008,NC-PHC-2026-0008,Pooja Shetty,Namma Clinic Local PHC,2026-08-18,URGENT,Evaluate Type 2 diabetes mellitus without complications,FBG,Fasting Blood Glucose,PLASMA,COMPLETED,146 mg/dL,146.0000,mg/dL,70 - 100 mg/dL mg/dL,ABNORMAL,2026-08-18 04:18:00,e2e_lab_user
ORD-20260920-0024,VIS-PHC--20260920-0008,NC-PHC-2026-0008,Pooja Shetty,Namma Clinic Local PHC,2026-09-20,ROUTINE,Evaluate Type 2 diabetes mellitus without complications,FBG,Fasting Blood Glucose,PLASMA,COMPLETED,134 mg/dL,134.0000,mg/dL,70 - 100 mg/dL mg/dL,NORMAL,2026-09-20 04:18:00,e2e_lab_user
ORD-20260715-0025,VIS-PHC--20260715-0009,NC-PHC-2026-0009,Manjunath Murthy,Namma Clinic Local PHC,2026-07-15,URGENT,Evaluate Type 2 diabetes mellitus without complications,HBA1C,HbA1c Glycated Hemoglobin,WHOLE_BLOOD,COMPLETED,159 mg/dL,7.4000,%,4.0 - 5.6 % %,ABNORMAL,2026-07-15 04:19:00,e2e_lab_user
ORD-20260818-0026,VIS-PHC--20260818-0009,NC-PHC-2026-0009,Manjunath Murthy,Namma Clinic Local PHC,2026-08-18,URGENT,Evaluate Type 2 diabetes mellitus without complications,FBG,Fasting Blood Glucose,PLASMA,COMPLETED,147 mg/dL,147.0000,mg/dL,70 - 100 mg/dL mg/dL,ABNORMAL,2026-08-18 04:19:00,e2e_lab_user
ORD-20260920-0027,VIS-PHC--20260920-0009,NC-PHC-2026-0009,Manjunath Murthy,Namma Clinic Local PHC,2026-09-20,ROUTINE,Evaluate Type 2 diabetes mellitus without complications,FBG,Fasting Blood Glucose,PLASMA,COMPLETED,135 mg/dL,135.0000,mg/dL,70 - 100 mg/dL mg/dL,NORMAL,2026-09-20 04:19:00,e2e_lab_user
ORD-20260715-0028,VIS-PHC--20260715-0010,NC-PHC-2026-0010,Sunitha Deshmukh,Namma Clinic Local PHC,2026-07-15,URGENT,Evaluate Essential (primary) hypertension,HBA1C,HbA1c Glycated Hemoglobin,WHOLE_BLOOD,COMPLETED,160 mg/dL,7.4000,%,4.0 - 5.6 % %,ABNORMAL,2026-07-15 04:20:00,e2e_lab_user
ORD-20260818-0029,VIS-PHC--20260818-0010,NC-PHC-2026-0010,Sunitha Deshmukh,Namma Clinic Local PHC,2026-08-18,URGENT,Evaluate Essential (primary) hypertension,FBG,Fasting Blood Glucose,PLASMA,COMPLETED,148 mg/dL,148.0000,mg/dL,70 - 100 mg/dL mg/dL,ABNORMAL,2026-08-18 04:20:00,e2e_lab_user
ORD-20260920-0030,VIS-PHC--20260920-0010,NC-PHC-2026-0010,Sunitha Deshmukh,Namma Clinic Local PHC,2026-09-20,ROUTINE,Evaluate Essential (primary) hypertension,FBG,Fasting Blood Glucose,PLASMA,COMPLETED,136 mg/dL,136.0000,mg/dL,70 - 100 mg/dL mg/dL,NORMAL,2026-09-20 04:20:00,e2e_lab_user
ORD-20260715-0031,VIS-PHC--20260715-0011,NC-PHC-2026-0011,Chetan Patil,Namma Clinic Local PHC,2026-07-15,URGENT,Evaluate Type 2 diabetes mellitus without complications,HBA1C,HbA1c Glycated Hemoglobin,WHOLE_BLOOD,COMPLETED,161 mg/dL,7.4000,%,4.0 - 5.6 % %,ABNORMAL,2026-07-15 04:21:00,e2e_lab_user
ORD-20260818-0032,VIS-PHC--20260818-0011,NC-PHC-2026-0011,Chetan Patil,Namma Clinic Local PHC,2026-08-18,URGENT,Evaluate Type 2 diabetes mellitus without complications,FBG,Fasting Blood Glucose,PLASMA,COMPLETED,149 mg/dL,149.0000,mg/dL,70 - 100 mg/dL mg/dL,ABNORMAL,2026-08-18 04:21:00,e2e_lab_user
ORD-20260920-0033,VIS-PHC--20260920-0011,NC-PHC-2026-0011,Chetan Patil,Namma Clinic Local PHC,2026-09-20,ROUTINE,Evaluate Type 2 diabetes mellitus without complications,FBG,Fasting Blood Glucose,PLASMA,COMPLETED,137 mg/dL,137.0000,mg/dL,70 - 100 mg/dL mg/dL,NORMAL,2026-09-20 04:21:00,e2e_lab_user
ORD-20260715-0034,VIS-PHC--20260715-0012,NC-PHC-2026-0012,Rekha Acharya,Namma Clinic Local PHC,2026-07-15,URGENT,Evaluate Essential (primary) hypertension,HBA1C,HbA1c Glycated Hemoglobin,WHOLE_BLOOD,COMPLETED,162 mg/dL,7.4000,%,4.0 - 5.6 % %,ABNORMAL,2026-07-15 04:22:00,e2e_lab_user
ORD-20260818-0035,VIS-PHC--20260818-0012,NC-PHC-2026-0012,Rekha Acharya,Namma Clinic Local PHC,2026-08-18,URGENT,Evaluate Essential (primary) hypertension,FBG,Fasting Blood Glucose,PLASMA,COMPLETED,150 mg/dL,150.0000,mg/dL,70 - 100 mg/dL mg/dL,ABNORMAL,2026-08-18 04:22:00,e2e_lab_user
ORD-20260920-0036,VIS-PHC--20260920-0012,NC-PHC-2026-0012,Rekha Acharya,Namma Clinic Local PHC,2026-09-20,ROUTINE,Evaluate Essential (primary) hypertension,FBG,Fasting Blood Glucose,PLASMA,COMPLETED,138 mg/dL,138.0000,mg/dL,70 - 100 mg/dL mg/dL,NORMAL,2026-09-20 04:22:00,e2e_lab_user
ORD-20260715-0037,VIS-PHC--20260715-0013,NC-PHC-2026-0013,Praveen Kumar,Namma Clinic Local PHC,2026-07-15,URGENT,Evaluate Type 2 diabetes mellitus without complications,HBA1C,HbA1c Glycated Hemoglobin,WHOLE_BLOOD,COMPLETED,163 mg/dL,7.4000,%,4.0 - 5.6 % %,ABNORMAL,2026-07-15 04:23:00,e2e_lab_user
ORD-20260818-0038,VIS-PHC--20260818-0013,NC-PHC-2026-0013,Praveen Kumar,Namma Clinic Local PHC,2026-08-18,URGENT,Evaluate Type 2 diabetes mellitus without complications,FBG,Fasting Blood Glucose,PLASMA,COMPLETED,151 mg/dL,151.0000,mg/dL,70 - 100 mg/dL mg/dL,ABNORMAL,2026-08-18 04:23:00,e2e_lab_user
ORD-20260920-0039,VIS-PHC--20260920-0013,NC-PHC-2026-0013,Praveen Kumar,Namma Clinic Local PHC,2026-09-20,ROUTINE,Evaluate Type 2 diabetes mellitus without complications,FBG,Fasting Blood Glucose,PLASMA,COMPLETED,139 mg/dL,139.0000,mg/dL,70 - 100 mg/dL mg/dL,NORMAL,2026-09-20 04:23:00,e2e_lab_user
ORD-20260715-0040,VIS-PHC--20260715-0014,NC-PHC-2026-0014,Shwetha Joshi,Namma Clinic Local PHC,2026-07-15,URGENT,Evaluate Type 2 diabetes mellitus without complications,HBA1C,HbA1c Glycated Hemoglobin,WHOLE_BLOOD,COMPLETED,164 mg/dL,7.4000,%,4.0 - 5.6 % %,ABNORMAL,2026-07-15 04:24:00,e2e_lab_user
ORD-20260818-0041,VIS-PHC--20260818-0014,NC-PHC-2026-0014,Shwetha Joshi,Namma Clinic Local PHC,2026-08-18,URGENT,Evaluate Type 2 diabetes mellitus without complications,FBG,Fasting Blood Glucose,PLASMA,COMPLETED,152 mg/dL,152.0000,mg/dL,70 - 100 mg/dL mg/dL,ABNORMAL,2026-08-18 04:24:00,e2e_lab_user
ORD-20260920-0042,VIS-PHC--20260920-0014,NC-PHC-2026-0014,Shwetha Joshi,Namma Clinic Local PHC,2026-09-20,ROUTINE,Evaluate Type 2 diabetes mellitus without complications,FBG,Fasting Blood Glucose,PLASMA,COMPLETED,140 mg/dL,140.0000,mg/dL,70 - 100 mg/dL mg/dL,NORMAL,2026-09-20 04:24:00,e2e_lab_user
ORD-20260715-0043,VIS-PHC--20260715-0015,NC-PHC-2026-0015,Anand Bellary,Namma Clinic Local PHC,2026-07-15,URGENT,Evaluate Essential (primary) hypertension,HBA1C,HbA1c Glycated Hemoglobin,WHOLE_BLOOD,COMPLETED,165 mg/dL,7.4000,%,4.0 - 5.6 % %,ABNORMAL,2026-07-15 04:25:00,e2e_lab_user
ORD-20260818-0044,VIS-PHC--20260818-0015,NC-PHC-2026-0015,Anand Bellary,Namma Clinic Local PHC,2026-08-18,URGENT,Evaluate Essential (primary) hypertension,FBG,Fasting Blood Glucose,PLASMA,COMPLETED,153 mg/dL,153.0000,mg/dL,70 - 100 mg/dL mg/dL,ABNORMAL,2026-08-18 04:25:00,e2e_lab_user
ORD-20260920-0045,VIS-PHC--20260920-0015,NC-PHC-2026-0015,Anand Bellary,Namma Clinic Local PHC,2026-09-20,URGENT,Evaluate Essential (primary) hypertension,FBG,Fasting Blood Glucose,PLASMA,COMPLETED,141 mg/dL,141.0000,mg/dL,70 - 100 mg/dL mg/dL,ABNORMAL,2026-09-20 04:25:00,e2e_lab_user
ORD-20260715-0046,VIS-PHC--20260715-0016,NC-PHC-2026-0016,Meenakshi Sundaram,Namma Clinic Local PHC,2026-07-15,URGENT,Evaluate Type 2 diabetes mellitus without complications,HBA1C,HbA1c Glycated Hemoglobin,WHOLE_BLOOD,COMPLETED,158 mg/dL,7.4000,%,4.0 - 5.6 % %,ABNORMAL,2026-07-15 04:26:00,e2e_lab_user
ORD-20260818-0047,VIS-PHC--20260818-0016,NC-PHC-2026-0016,Meenakshi Sundaram,Namma Clinic Local PHC,2026-08-18,URGENT,Evaluate Type 2 diabetes mellitus without complications,FBG,Fasting Blood Glucose,PLASMA,COMPLETED,146 mg/dL,146.0000,mg/dL,70 - 100 mg/dL mg/dL,ABNORMAL,2026-08-18 04:26:00,e2e_lab_user
ORD-20260920-0048,VIS-PHC--20260920-0016,NC-PHC-2026-0016,Meenakshi Sundaram,Namma Clinic Local PHC,2026-09-20,ROUTINE,Evaluate Type 2 diabetes mellitus without complications,FBG,Fasting Blood Glucose,PLASMA,COMPLETED,134 mg/dL,134.0000,mg/dL,70 - 100 mg/dL mg/dL,NORMAL,2026-09-20 04:26:00,e2e_lab_user
ORD-20260715-0049,VIS-PHC--20260715-0017,NC-PHC-2026-0017,Raghavendra Rao,Namma Clinic Local PHC,2026-07-15,URGENT,Evaluate Type 2 diabetes mellitus without complications,HBA1C,HbA1c Glycated Hemoglobin,WHOLE_BLOOD,COMPLETED,159 mg/dL,7.4000,%,4.0 - 5.6 % %,ABNORMAL,2026-07-15 04:27:00,e2e_lab_user
ORD-20260818-0050,VIS-PHC--20260818-0017,NC-PHC-2026-0017,Raghavendra Rao,Namma Clinic Local PHC,2026-08-18,URGENT,Evaluate Type 2 diabetes mellitus without complications,FBG,Fasting Blood Glucose,PLASMA,COMPLETED,147 mg/dL,147.0000,mg/dL,70 - 100 mg/dL mg/dL,ABNORMAL,2026-08-18 04:27:00,e2e_lab_user
ORD-20260920-0051,VIS-PHC--20260920-0017,NC-PHC-2026-0017,Raghavendra Rao,Namma Clinic Local PHC,2026-09-20,ROUTINE,Evaluate Type 2 diabetes mellitus without complications,FBG,Fasting Blood Glucose,PLASMA,COMPLETED,135 mg/dL,135.0000,mg/dL,70 - 100 mg/dL mg/dL,NORMAL,2026-09-20 04:27:00,e2e_lab_user
ORD-20260715-0052,VIS-PHC--20260715-0018,NC-PHC-2026-0018,Soumya Hegde,Namma Clinic Local PHC,2026-07-15,URGENT,Evaluate Essential (primary) hypertension,HBA1C,HbA1c Glycated Hemoglobin,WHOLE_BLOOD,COMPLETED,160 mg/dL,7.4000,%,4.0 - 5.6 % %,ABNORMAL,2026-07-15 04:28:00,e2e_lab_user
ORD-20260818-0053,VIS-PHC--20260818-0018,NC-PHC-2026-0018,Soumya Hegde,Namma Clinic Local PHC,2026-08-18,URGENT,Evaluate Essential (primary) hypertension,FBG,Fasting Blood Glucose,PLASMA,COMPLETED,148 mg/dL,148.0000,mg/dL,70 - 100 mg/dL mg/dL,ABNORMAL,2026-08-18 04:28:00,e2e_lab_user
ORD-20260920-0054,VIS-PHC--20260920-0018,NC-PHC-2026-0018,Soumya Hegde,Namma Clinic Local PHC,2026-09-20,ROUTINE,Evaluate Essential (primary) hypertension,FBG,Fasting Blood Glucose,PLASMA,COMPLETED,136 mg/dL,136.0000,mg/dL,70 - 100 mg/dL mg/dL,NORMAL,2026-09-20 04:28:00,e2e_lab_user
ORD-20260715-0055,VIS-PHC--20260715-0019,NC-PHC-2026-0019,Girish Kulkarni,Namma Clinic Local PHC,2026-07-15,URGENT,Evaluate Type 2 diabetes mellitus without complications,HBA1C,HbA1c Glycated Hemoglobin,WHOLE_BLOOD,COMPLETED,161 mg/dL,7.4000,%,4.0 - 5.6 % %,ABNORMAL,2026-07-15 04:29:00,e2e_lab_user
ORD-20260818-0056,VIS-PHC--20260818-0019,NC-PHC-2026-0019,Girish Kulkarni,Namma Clinic Local PHC,2026-08-18,URGENT,Evaluate Type 2 diabetes mellitus without complications,FBG,Fasting Blood Glucose,PLASMA,COMPLETED,149 mg/dL,149.0000,mg/dL,70 - 100 mg/dL mg/dL,ABNORMAL,2026-08-18 04:29:00,e2e_lab_user
ORD-20260920-0057,VIS-PHC--20260920-0019,NC-PHC-2026-0019,Girish Kulkarni,Namma Clinic Local PHC,2026-09-20,ROUTINE,Evaluate Type 2 diabetes mellitus without complications,FBG,Fasting Blood Glucose,PLASMA,COMPLETED,137 mg/dL,137.0000,mg/dL,70 - 100 mg/dL mg/dL,NORMAL,2026-09-20 04:29:00,e2e_lab_user
ORD-20260715-0058,VIS-PHC--20260715-0020,NC-PHC-2026-0020,Roopa Nayak,Namma Clinic Local PHC,2026-07-15,URGENT,Evaluate Type 2 diabetes mellitus without complications,HBA1C,HbA1c Glycated Hemoglobin,WHOLE_BLOOD,COMPLETED,162 mg/dL,7.4000,%,4.0 - 5.6 % %,ABNORMAL,2026-07-15 04:30:00,e2e_lab_user
ORD-20260818-0059,VIS-PHC--20260818-0020,NC-PHC-2026-0020,Roopa Nayak,Namma Clinic Local PHC,2026-08-18,URGENT,Evaluate Type 2 diabetes mellitus without complications,FBG,Fasting Blood Glucose,PLASMA,COMPLETED,150 mg/dL,150.0000,mg/dL,70 - 100 mg/dL mg/dL,ABNORMAL,2026-08-18 04:30:00,e2e_lab_user
ORD-20260920-0060,VIS-PHC--20260920-0020,NC-PHC-2026-0020,Roopa Nayak,Namma Clinic Local PHC,2026-09-20,ROUTINE,Evaluate Type 2 diabetes mellitus without complications,FBG,Fasting Blood Glucose,PLASMA,COMPLETED,138 mg/dL,138.0000,mg/dL,70 - 100 mg/dL mg/dL,NORMAL,2026-09-20 04:30:00,e2e_lab_user
ORD-20261003-0061,VIS-PHC--20261003-0001,NC-PHC-2026-0021,Ravi Kumar,Namma Clinic Local PHC,2026-10-03,URGENT,Evaluate Dengue fever [classical dengue],NS1-AG,Dengue NS1 Antigen Rapid Test,SERUM,COMPLETED,POSITIVE,,,Negative ,ABNORMAL,2026-10-03 04:11:00,e2e_lab_user
ORD-20261004-0062,VIS-PHC--20261004-0001,NC-PHC-2026-0022,Preeti Shenoy,Namma Clinic Local PHC,2026-10-04,URGENT,Evaluate Typhoid fever,WIDAL,Widal Agglutination Test,SERUM,COMPLETED,"TO 1:160, TH 1:320 POSITIVE",,titer,< 1:80 titer,ABNORMAL,2026-10-04 04:11:00,e2e_lab_user
ORD-20261005-0063,VIS-PHC--20261005-0001,NC-PHC-2026-0023,Vijay Patil,Namma Clinic Local PHC,2026-10-05,URGENT,Evaluate Unspecified malaria,MAL-RDT,Malaria Rapid Diagnostic Test,WHOLE_BLOOD,COMPLETED,Plasmodium Vivax POSITIVE,,titer,Negative titer,ABNORMAL,2026-10-05 04:11:00,e2e_lab_user
ORD-20261006-0064,VIS-PHC--20261006-0001,NC-PHC-2026-0024,Geetha Raman,Namma Clinic Local PHC,2026-10-06,URGENT,"Evaluate Infectious gastroenteritis and colitis, unspecified",CBC,Complete Blood Count,WHOLE_BLOOD,COMPLETED,12400 /mcL,,cells/mcL,4.5 - 5.9 million/mcL cells/mcL,ABNORMAL,2026-10-06 04:11:00,e2e_lab_user
ORD-20261007-0065,VIS-PHC--20261007-0001,NC-PHC-2026-0025,Mohan Bhat,Namma Clinic Local PHC,2026-10-07,URGENT,Evaluate Dengue fever [classical dengue],NS1-AG,Dengue NS1 Antigen Rapid Test,SERUM,COMPLETED,POSITIVE,,,Negative ,ABNORMAL,2026-10-07 04:11:00,e2e_lab_user
ORD-20261001-0066,VIS-PHC--20261001-0001,NC-PHC-2026-0026,Archana Kulkarni,Namma Clinic Local PHC,2026-10-01,URGENT,Evaluate Typhoid fever,WIDAL,Widal Agglutination Test,SERUM,COMPLETED,"TO 1:160, TH 1:320 POSITIVE",,titer,< 1:80 titer,ABNORMAL,2026-10-01 04:11:00,e2e_lab_user
ORD-20261002-0067,VIS-PHC--20261002-0001,NC-PHC-2026-0027,Santosh Gowda,Namma Clinic Local PHC,2026-10-02,URGENT,Evaluate Dengue fever [classical dengue],NS1-AG,Dengue NS1 Antigen Rapid Test,SERUM,COMPLETED,POSITIVE,,,Negative ,ABNORMAL,2026-10-02 04:11:00,e2e_lab_user
ORD-20261003-0068,VIS-PHC--20261003-0002,NC-PHC-2026-0028,Vidya Shankar,Namma Clinic Local PHC,2026-10-03,URGENT,"Evaluate Infectious gastroenteritis and colitis, unspecified",CBC,Complete Blood Count,WHOLE_BLOOD,COMPLETED,12400 /mcL,,cells/mcL,4.5 - 5.9 million/mcL cells/mcL,ABNORMAL,2026-10-03 04:12:00,e2e_lab_user
ORD-20261004-0069,VIS-PHC--20261004-0002,NC-PHC-2026-0029,Harish Reddy,Namma Clinic Local PHC,2026-10-04,URGENT,Evaluate Typhoid fever,WIDAL,Widal Agglutination Test,SERUM,COMPLETED,"TO 1:160, TH 1:320 POSITIVE",,titer,< 1:80 titer,ABNORMAL,2026-10-04 04:12:00,e2e_lab_user
ORD-20261005-0070,VIS-PHC--20261005-0002,NC-PHC-2026-0030,Nalini Hegde,Namma Clinic Local PHC,2026-10-05,URGENT,Evaluate Unspecified malaria,MAL-RDT,Malaria Rapid Diagnostic Test,WHOLE_BLOOD,COMPLETED,Plasmodium Vivax POSITIVE,,titer,Negative titer,ABNORMAL,2026-10-05 04:12:00,e2e_lab_user
ORD-20261006-0071,VIS-PHC--20261006-0002,NC-PHC-2026-0031,Kiran Acharya,Namma Clinic Local PHC,2026-10-06,URGENT,"Evaluate Infectious gastroenteritis and colitis, unspecified",CBC,Complete Blood Count,WHOLE_BLOOD,COMPLETED,12400 /mcL,,cells/mcL,4.5 - 5.9 million/mcL cells/mcL,ABNORMAL,2026-10-06 04:12:00,e2e_lab_user
ORD-20261007-0072,VIS-PHC--20261007-0002,NC-PHC-2026-0032,Bhavana Rao,Namma Clinic Local PHC,2026-10-07,URGENT,Evaluate Dengue fever [classical dengue],NS1-AG,Dengue NS1 Antigen Rapid Test,SERUM,COMPLETED,POSITIVE,,,Negative ,ABNORMAL,2026-10-07 04:12:00,e2e_lab_user
ORD-20261008-0101,VIS-PHC--20261008-0007,NC-PHC-2026-0001,Ramesh Gowda,Namma Clinic Local PHC,2026-10-08,ROUTINE,Evaluate Type 2 diabetes mellitus without complications,FBG,Fasting Blood Glucose,PLASMA,PENDING,,,mg/dL,,NORMAL,,
ORD-20261008-0102,VIS-PHC--20261008-0008,NC-PHC-2026-0021,Ravi Kumar,Namma Clinic Local PHC,2026-10-08,ROUTINE,Evaluate Dengue fever [classical dengue],NS1-AG,Dengue NS1 Antigen Rapid Test,SERUM,PENDING,,,,,NORMAL,,
ORD-20261008-0106,VIS-PHC--20261008-0012,NC-PHC-2026-0004,Deepa Rao,Namma Clinic Local PHC,2026-10-08,ROUTINE,Evaluate Type 2 diabetes mellitus without complications,FBG,Fasting Blood Glucose,PLASMA,COMPLETED,128 mg/dL,128.0000,mg/dL,70 - 100 mg/dL mg/dL,NORMAL,2026-10-08 04:22:00,e2e_lab_user
