Prescription ID,Visit ID,Patient ID,Patient Name,Doctor,Facility,Prescription Status,Medicine,Strength,Dosage,Frequency,Duration (Days),Prescribed Qty,Dispensed Qty,Item Status,Notes,Prescribed At
462,VIS-PHC--20260715-0001,NC-PHC-2026-0001,Ramesh Gowda,e2e_doctor_user,Namma Clinic Local PHC,DISPENSED,Amlodipine Besylate,5 mg,1-0-0 After Food,Once Daily,30,30,30,DISPENSED,Take medications as directed after meals.,2026-10-08
463,VIS-PHC--20260818-0001,NC-PHC-2026-0001,Ramesh Gowda,e2e_doctor_user,Namma Clinic Local PHC,DISPENSED,Amlodipine Besylate,5 mg,1-0-0 After Food,Once Daily,30,30,30,DISPENSED,Take medications as directed after meals.,2026-10-08
464,VIS-PHC--20260920-0001,NC-PHC-2026-0001,Ramesh Gowda,e2e_doctor_user,Namma Clinic Local PHC,DISPENSED,Amlodipine Besylate,5 mg,1-0-0 After Food,Once Daily,30,30,30,DISPENSED,Take medications as directed after meals.,2026-10-08
465,VIS-PHC--20260715-0002,NC-PHC-2026-0002,Ananya Bhat,e2e_doctor_user,Namma Clinic Local PHC,DISPENSED,Metformin HCl,500 mg,1-0-1 After Food,Twice Daily,30,60,60,DISPENSED,Take medications as directed after meals.,2026-10-08
466,VIS-PHC--20260818-0002,NC-PHC-2026-0002,Ananya Bhat,e2e_doctor_user,Namma Clinic Local PHC,DISPENSED,Metformin HCl,500 mg,1-0-1 After Food,Twice Daily,30,60,60,DISPENSED,Take medications as directed after meals.,2026-10-08
467,VIS-PHC--20260920-0002,NC-PHC-2026-0002,Ananya Bhat,e2e_doctor_user,Namma Clinic Local PHC,DISPENSED,Metformin HCl,500 mg,1-0-1 After Food,Twice Daily,30,60,60,DISPENSED,Take medications as directed after meals.,2026-10-08
468,VIS-PHC--20260715-0003,NC-PHC-2026-0003,Suresh Hegde,e2e_doctor_user,Namma Clinic Local PHC,DISPENSED,Amlodipine Besylate,5 mg,1-0-0 After Food,Once Daily,30,30,30,DISPENSED,Take medications as directed after meals.,2026-10-08
468,VIS-PHC--20260715-0003,NC-PHC-2026-0003,Suresh Hegde,e2e_doctor_user,Namma Clinic Local PHC,DISPENSED,Metformin HCl,500 mg,1-0-1 After Food,Twice Daily,30,60,60,DISPENSED,Take medications as directed after meals.,2026-10-08
469,VIS-PHC--20260818-0003,NC-PHC-2026-0003,Suresh Hegde,e2e_doctor_user,Namma Clinic Local PHC,DISPENSED,Amlodipine Besylate,5 mg,1-0-0 After Food,Once Daily,30,30,30,DISPENSED,Take medications as directed after meals.,2026-10-08
469,VIS-PHC--20260818-0003,NC-PHC-2026-0003,Suresh Hegde,e2e_doctor_user,Namma Clinic Local PHC,DISPENSED,Metformin HCl,500 mg,1-0-1 After Food,Twice Daily,30,60,60,DISPENSED,Take medications as directed after meals.,2026-10-08
470,VIS-PHC--20260920-0003,NC-PHC-2026-0003,Suresh Hegde,e2e_doctor_user,Namma Clinic Local PHC,DISPENSED,Amlodipine Besylate,5 mg,1-0-0 After Food,Once Daily,30,30,30,DISPENSED,Take medications as directed after meals.,2026-10-08
470,VIS-PHC--20260920-0003,NC-PHC-2026-0003,Suresh Hegde,e2e_doctor_user,Namma Clinic Local PHC,DISPENSED,Metformin HCl,500 mg,1-0-1 After Food,Twice Daily,30,60,60,DISPENSED,Take medications as directed after meals.,2026-10-08
471,VIS-PHC--20260715-0004,NC-PHC-2026-0004,Deepa Rao,e2e_doctor_user,Namma Clinic Local PHC,DISPENSED,Amlodipine Besylate,5 mg,1-0-0 After Food,Once Daily,30,30,30,DISPENSED,Take medications as directed after meals.,2026-10-08
472,VIS-PHC--20260818-0004,NC-PHC-2026-0004,Deepa Rao,e2e_doctor_user,Namma Clinic Local PHC,DISPENSED,Amlodipine Besylate,5 mg,1-0-0 After Food,Once Daily,30,30,30,DISPENSED,Take medications as directed after meals.,2026-10-08
473,VIS-PHC--20260920-0004,NC-PHC-2026-0004,Deepa Rao,e2e_doctor_user,Namma Clinic Local PHC,DISPENSED,Amlodipine Besylate,5 mg,1-0-0 After Food,Once Daily,30,30,30,DISPENSED,Take medications as directed after meals.,2026-10-08
474,VIS-PHC--20260715-0005,NC-PHC-2026-0005,Venkatesh Prasad,e2e_doctor_user,Namma Clinic Local PHC,DISPENSED,Amlodipine Besylate,5 mg,1-0-0 After Food,Once Daily,30,30,30,DISPENSED,Take medications as directed after meals.,2026-10-08
474,VIS-PHC--20260715-0005,NC-PHC-2026-0005,Venkatesh Prasad,e2e_doctor_user,Namma Clinic Local PHC,DISPENSED,Metformin HCl,500 mg,1-0-1 After Food,Twice Daily,30,60,60,DISPENSED,Take medications as directed after meals.,2026-10-08
475,VIS-PHC--20260818-0005,NC-PHC-2026-0005,Venkatesh Prasad,e2e_doctor_user,Namma Clinic Local PHC,DISPENSED,Amlodipine Besylate,5 mg,1-0-0 After Food,Once Daily,30,30,30,DISPENSED,Take medications as directed after meals.,2026-10-08
475,VIS-PHC--20260818-0005,NC-PHC-2026-0005,Venkatesh Prasad,e2e_doctor_user,Namma Clinic Local PHC,DISPENSED,Metformin HCl,500 mg,1-0-1 After Food,Twice Daily,30,60,60,DISPENSED,Take medications as directed after meals.,2026-10-08
476,VIS-PHC--20260920-0005,NC-PHC-2026-0005,Venkatesh Prasad,e2e_doctor_user,Namma Clinic Local PHC,DISPENSED,Amlodipine Besylate,5 mg,1-0-0 After Food,Once Daily,30,30,30,DISPENSED,Take medications as directed after meals.,2026-10-08
476,VIS-PHC--20260920-0005,NC-PHC-2026-0005,Venkatesh Prasad,e2e_doctor_user,Namma Clinic Local PHC,DISPENSED,Metformin HCl,500 mg,1-0-1 After Food,Twice Daily,30,60,60,DISPENSED,Take medications as directed after meals.,2026-10-08
477,VIS-PHC--20260715-0006,NC-PHC-2026-0006,Kavitha Kulkarni,e2e_doctor_user,Namma Clinic Local PHC,DISPENSED,Metformin HCl,500 mg,1-0-1 After Food,Twice Daily,30,60,60,DISPENSED,Take medications as directed after meals.,2026-10-08
478,VIS-PHC--20260818-0006,NC-PHC-2026-0006,Kavitha Kulkarni,e2e_doctor_user,Namma Clinic Local PHC,DISPENSED,Metformin HCl,500 mg,1-0-1 After Food,Twice Daily,30,60,60,DISPENSED,Take medications as directed after meals.,2026-10-08
479,VIS-PHC--20260920-0006,NC-PHC-2026-0006,Kavitha Kulkarni,e2e_doctor_user,Namma Clinic Local PHC,DISPENSED,Metformin HCl,500 mg,1-0-1 After Food,Twice Daily,30,60,60,DISPENSED,Take medications as directed after meals.,2026-10-08
480,VIS-PHC--20260715-0007,NC-PHC-2026-0007,Basavaraj Nayak,e2e_doctor_user,Namma Clinic Local PHC,DISPENSED,Amlodipine Besylate,5 mg,1-0-0 After Food,Once Daily,30,30,30,DISPENSED,Take medications as directed after meals.,2026-10-08
481,VIS-PHC--20260818-0007,NC-PHC-2026-0007,Basavaraj Nayak,e2e_doctor_user,Namma Clinic Local PHC,DISPENSED,Amlodipine Besylate,5 mg,1-0-0 After Food,Once Daily,30,30,30,DISPENSED,Take medications as directed after meals.,2026-10-08
482,VIS-PHC--20260920-0007,NC-PHC-2026-0007,Basavaraj Nayak,e2e_doctor_user,Namma Clinic Local PHC,DISPENSED,Amlodipine Besylate,5 mg,1-0-0 After Food,Once Daily,30,30,30,DISPENSED,Take medications as directed after meals.,2026-10-08
483,VIS-PHC--20260715-0008,NC-PHC-2026-0008,Pooja Shetty,e2e_doctor_user,Namma Clinic Local PHC,DISPENSED,Metformin HCl,500 mg,1-0-1 After Food,Twice Daily,30,60,60,DISPENSED,Take medications as directed after meals.,2026-10-08
484,VIS-PHC--20260818-0008,NC-PHC-2026-0008,Pooja Shetty,e2e_doctor_user,Namma Clinic Local PHC,DISPENSED,Metformin HCl,500 mg,1-0-1 After Food,Twice Daily,30,60,60,DISPENSED,Take medications as directed after meals.,2026-10-08
485,VIS-PHC--20260920-0008,NC-PHC-2026-0008,Pooja Shetty,e2e_doctor_user,Namma Clinic Local PHC,DISPENSED,Metformin HCl,500 mg,1-0-1 After Food,Twice Daily,30,60,60,DISPENSED,Take medications as directed after meals.,2026-10-08
486,VIS-PHC--20260715-0009,NC-PHC-2026-0009,Manjunath Murthy,e2e_doctor_user,Namma Clinic Local PHC,DISPENSED,Amlodipine Besylate,5 mg,1-0-0 After Food,Once Daily,30,30,30,DISPENSED,Take medications as directed after meals.,2026-10-08
486,VIS-PHC--20260715-0009,NC-PHC-2026-0009,Manjunath Murthy,e2e_doctor_user,Namma Clinic Local PHC,DISPENSED,Metformin HCl,500 mg,1-0-1 After Food,Twice Daily,30,60,60,DISPENSED,Take medications as directed after meals.,2026-10-08
487,VIS-PHC--20260818-0009,NC-PHC-2026-0009,Manjunath Murthy,e2e_doctor_user,Namma Clinic Local PHC,DISPENSED,Amlodipine Besylate,5 mg,1-0-0 After Food,Once Daily,30,30,30,DISPENSED,Take medications as directed after meals.,2026-10-08
487,VIS-PHC--20260818-0009,NC-PHC-2026-0009,Manjunath Murthy,e2e_doctor_user,Namma Clinic Local PHC,DISPENSED,Metformin HCl,500 mg,1-0-1 After Food,Twice Daily,30,60,60,DISPENSED,Take medications as directed after meals.,2026-10-08
488,VIS-PHC--20260920-0009,NC-PHC-2026-0009,Manjunath Murthy,e2e_doctor_user,Namma Clinic Local PHC,DISPENSED,Amlodipine Besylate,5 mg,1-0-0 After Food,Once Daily,30,30,30,DISPENSED,Take medications as directed after meals.,2026-10-08
488,VIS-PHC--20260920-0009,NC-PHC-2026-0009,Manjunath Murthy,e2e_doctor_user,Namma Clinic Local PHC,DISPENSED,Metformin HCl,500 mg,1-0-1 After Food,Twice Daily,30,60,60,DISPENSED,Take medications as directed after meals.,2026-10-08
489,VIS-PHC--20260715-0010,NC-PHC-2026-0010,Sunitha Deshmukh,e2e_doctor_user,Namma Clinic Local PHC,DISPENSED,Amlodipine Besylate,5 mg,1-0-0 After Food,Once Daily,30,30,30,DISPENSED,Take medications as directed after meals.,2026-10-08
490,VIS-PHC--20260818-0010,NC-PHC-2026-0010,Sunitha Deshmukh,e2e_doctor_user,Namma Clinic Local PHC,DISPENSED,Amlodipine Besylate,5 mg,1-0-0 After Food,Once Daily,30,30,30,DISPENSED,Take medications as directed after meals.,2026-10-08
491,VIS-PHC--20260920-0010,NC-PHC-2026-0010,Sunitha Deshmukh,e2e_doctor_user,Namma Clinic Local PHC,DISPENSED,Amlodipine Besylate,5 mg,1-0-0 After Food,Once Daily,30,30,30,DISPENSED,Take medications as directed after meals.,2026-10-08
492,VIS-PHC--20260715-0011,NC-PHC-2026-0011,Chetan Patil,e2e_doctor_user,Namma Clinic Local PHC,DISPENSED,Metformin HCl,500 mg,1-0-1 After Food,Twice Daily,30,60,60,DISPENSED,Take medications as directed after meals.,2026-10-08
493,VIS-PHC--20260818-0011,NC-PHC-2026-0011,Chetan Patil,e2e_doctor_user,Namma Clinic Local PHC,DISPENSED,Metformin HCl,500 mg,1-0-1 After Food,Twice Daily,30,60,60,DISPENSED,Take medications as directed after meals.,2026-10-08
494,VIS-PHC--20260920-0011,NC-PHC-2026-0011,Chetan Patil,e2e_doctor_user,Namma Clinic Local PHC,DISPENSED,Metformin HCl,500 mg,1-0-1 After Food,Twice Daily,30,60,60,DISPENSED,Take medications as directed after meals.,2026-10-08
495,VIS-PHC--20260715-0012,NC-PHC-2026-0012,Rekha Acharya,e2e_doctor_user,Namma Clinic Local PHC,DISPENSED,Amlodipine Besylate,5 mg,1-0-0 After Food,Once Daily,30,30,30,DISPENSED,Take medications as directed after meals.,2026-10-08
496,VIS-PHC--20260818-0012,NC-PHC-2026-0012,Rekha Acharya,e2e_doctor_user,Namma Clinic Local PHC,DISPENSED,Amlodipine Besylate,5 mg,1-0-0 After Food,Once Daily,30,30,30,DISPENSED,Take medications as directed after meals.,2026-10-08
497,VIS-PHC--20260920-0012,NC-PHC-2026-0012,Rekha Acharya,e2e_doctor_user,Namma Clinic Local PHC,DISPENSED,Amlodipine Besylate,5 mg,1-0-0 After Food,Once Daily,30,30,30,DISPENSED,Take medications as directed after meals.,2026-10-08
498,VIS-PHC--20260715-0013,NC-PHC-2026-0013,Praveen Kumar,e2e_doctor_user,Namma Clinic Local PHC,DISPENSED,Amlodipine Besylate,5 mg,1-0-0 After Food,Once Daily,30,30,30,DISPENSED,Take medications as directed after meals.,2026-10-08
498,VIS-PHC--20260715-0013,NC-PHC-2026-0013,Praveen Kumar,e2e_doctor_user,Namma Clinic Local PHC,DISPENSED,Metformin HCl,500 mg,1-0-1 After Food,Twice Daily,30,60,60,DISPENSED,Take medications as directed after meals.,2026-10-08
499,VIS-PHC--20260818-0013,NC-PHC-2026-0013,Praveen Kumar,e2e_doctor_user,Namma Clinic Local PHC,DISPENSED,Amlodipine Besylate,5 mg,1-0-0 After Food,Once Daily,30,30,30,DISPENSED,Take medications as directed after meals.,2026-10-08
499,VIS-PHC--20260818-0013,NC-PHC-2026-0013,Praveen Kumar,e2e_doctor_user,Namma Clinic Local PHC,DISPENSED,Metformin HCl,500 mg,1-0-1 After Food,Twice Daily,30,60,60,DISPENSED,Take medications as directed after meals.,2026-10-08
500,VIS-PHC--20260920-0013,NC-PHC-2026-0013,Praveen Kumar,e2e_doctor_user,Namma Clinic Local PHC,DISPENSED,Amlodipine Besylate,5 mg,1-0-0 After Food,Once Daily,30,30,30,DISPENSED,Take medications as directed after meals.,2026-10-08
500,VIS-PHC--20260920-0013,NC-PHC-2026-0013,Praveen Kumar,e2e_doctor_user,Namma Clinic Local PHC,DISPENSED,Metformin HCl,500 mg,1-0-1 After Food,Twice Daily,30,60,60,DISPENSED,Take medications as directed after meals.,2026-10-08
501,VIS-PHC--20260715-0014,NC-PHC-2026-0014,Shwetha Joshi,e2e_doctor_user,Namma Clinic Local PHC,DISPENSED,Metformin HCl,500 mg,1-0-1 After Food,Twice Daily,30,60,60,DISPENSED,Take medications as directed after meals.,2026-10-08
502,VIS-PHC--20260818-0014,NC-PHC-2026-0014,Shwetha Joshi,e2e_doctor_user,Namma Clinic Local PHC,DISPENSED,Metformin HCl,500 mg,1-0-1 After Food,Twice Daily,30,60,60,DISPENSED,Take medications as directed after meals.,2026-10-08
503,VIS-PHC--20260920-0014,NC-PHC-2026-0014,Shwetha Joshi,e2e_doctor_user,Namma Clinic Local PHC,DISPENSED,Metformin HCl,500 mg,1-0-1 After Food,Twice Daily,30,60,60,DISPENSED,Take medications as directed after meals.,2026-10-08
504,VIS-PHC--20260715-0015,NC-PHC-2026-0015,Anand Bellary,e2e_doctor_user,Namma Clinic Local PHC,DISPENSED,Amlodipine Besylate,5 mg,1-0-0 After Food,Once Daily,30,30,30,DISPENSED,Take medications as directed after meals.,2026-10-08
505,VIS-PHC--20260818-0015,NC-PHC-2026-0015,Anand Bellary,e2e_doctor_user,Namma Clinic Local PHC,DISPENSED,Amlodipine Besylate,5 mg,1-0-0 After Food,Once Daily,30,30,30,DISPENSED,Take medications as directed after meals.,2026-10-08
506,VIS-PHC--20260920-0015,NC-PHC-2026-0015,Anand Bellary,e2e_doctor_user,Namma Clinic Local PHC,DISPENSED,Amlodipine Besylate,5 mg,1-0-0 After Food,Once Daily,30,30,30,DISPENSED,Take medications as directed after meals.,2026-10-08
507,VIS-PHC--20260715-0016,NC-PHC-2026-0016,Meenakshi Sundaram,e2e_doctor_user,Namma Clinic Local PHC,DISPENSED,Amlodipine Besylate,5 mg,1-0-0 After Food,Once Daily,30,30,30,DISPENSED,Take medications as directed after meals.,2026-10-08
507,VIS-PHC--20260715-0016,NC-PHC-2026-0016,Meenakshi Sundaram,e2e_doctor_user,Namma Clinic Local PHC,DISPENSED,Metformin HCl,500 mg,1-0-1 After Food,Twice Daily,30,60,60,DISPENSED,Take medications as directed after meals.,2026-10-08
508,VIS-PHC--20260818-0016,NC-PHC-2026-0016,Meenakshi Sundaram,e2e_doctor_user,Namma Clinic Local PHC,DISPENSED,Amlodipine Besylate,5 mg,1-0-0 After Food,Once Daily,30,30,30,DISPENSED,Take medications as directed after meals.,2026-10-08
508,VIS-PHC--20260818-0016,NC-PHC-2026-0016,Meenakshi Sundaram,e2e_doctor_user,Namma Clinic Local PHC,DISPENSED,Metformin HCl,500 mg,1-0-1 After Food,Twice Daily,30,60,60,DISPENSED,Take medications as directed after meals.,2026-10-08
509,VIS-PHC--20260920-0016,NC-PHC-2026-0016,Meenakshi Sundaram,e2e_doctor_user,Namma Clinic Local PHC,DISPENSED,Amlodipine Besylate,5 mg,1-0-0 After Food,Once Daily,30,30,30,DISPENSED,Take medications as directed after meals.,2026-10-08
509,VIS-PHC--20260920-0016,NC-PHC-2026-0016,Meenakshi Sundaram,e2e_doctor_user,Namma Clinic Local PHC,DISPENSED,Metformin HCl,500 mg,1-0-1 After Food,Twice Daily,30,60,60,DISPENSED,Take medications as directed after meals.,2026-10-08
510,VIS-PHC--20260715-0017,NC-PHC-2026-0017,Raghavendra Rao,e2e_doctor_user,Namma Clinic Local PHC,DISPENSED,Metformin HCl,500 mg,1-0-1 After Food,Twice Daily,30,60,60,DISPENSED,Take medications as directed after meals.,2026-10-08
511,VIS-PHC--20260818-0017,NC-PHC-2026-0017,Raghavendra Rao,e2e_doctor_user,Namma Clinic Local PHC,DISPENSED,Metformin HCl,500 mg,1-0-1 After Food,Twice Daily,30,60,60,DISPENSED,Take medications as directed after meals.,2026-10-08
512,VIS-PHC--20260920-0017,NC-PHC-2026-0017,Raghavendra Rao,e2e_doctor_user,Namma Clinic Local PHC,DISPENSED,Metformin HCl,500 mg,1-0-1 After Food,Twice Daily,30,60,60,DISPENSED,Take medications as directed after meals.,2026-10-08
513,VIS-PHC--20260715-0018,NC-PHC-2026-0018,Soumya Hegde,e2e_doctor_user,Namma Clinic Local PHC,DISPENSED,Amlodipine Besylate,5 mg,1-0-0 After Food,Once Daily,30,30,30,DISPENSED,Take medications as directed after meals.,2026-10-08
514,VIS-PHC--20260818-0018,NC-PHC-2026-0018,Soumya Hegde,e2e_doctor_user,Namma Clinic Local PHC,DISPENSED,Amlodipine Besylate,5 mg,1-0-0 After Food,Once Daily,30,30,30,DISPENSED,Take medications as directed after meals.,2026-10-08
515,VIS-PHC--20260920-0018,NC-PHC-2026-0018,Soumya Hegde,e2e_doctor_user,Namma Clinic Local PHC,DISPENSED,Amlodipine Besylate,5 mg,1-0-0 After Food,Once Daily,30,30,30,DISPENSED,Take medications as directed after meals.,2026-10-08
516,VIS-PHC--20260715-0019,NC-PHC-2026-0019,Girish Kulkarni,e2e_doctor_user,Namma Clinic Local PHC,DISPENSED,Amlodipine Besylate,5 mg,1-0-0 After Food,Once Daily,30,30,30,DISPENSED,Take medications as directed after meals.,2026-10-08
516,VIS-PHC--20260715-0019,NC-PHC-2026-0019,Girish Kulkarni,e2e_doctor_user,Namma Clinic Local PHC,DISPENSED,Metformin HCl,500 mg,1-0-1 After Food,Twice Daily,30,60,60,DISPENSED,Take medications as directed after meals.,2026-10-08
517,VIS-PHC--20260818-0019,NC-PHC-2026-0019,Girish Kulkarni,e2e_doctor_user,Namma Clinic Local PHC,DISPENSED,Amlodipine Besylate,5 mg,1-0-0 After Food,Once Daily,30,30,30,DISPENSED,Take medications as directed after meals.,2026-10-08
517,VIS-PHC--20260818-0019,NC-PHC-2026-0019,Girish Kulkarni,e2e_doctor_user,Namma Clinic Local PHC,DISPENSED,Metformin HCl,500 mg,1-0-1 After Food,Twice Daily,30,60,60,DISPENSED,Take medications as directed after meals.,2026-10-08
518,VIS-PHC--20260920-0019,NC-PHC-2026-0019,Girish Kulkarni,e2e_doctor_user,Namma Clinic Local PHC,DISPENSED,Amlodipine Besylate,5 mg,1-0-0 After Food,Once Daily,30,30,30,DISPENSED,Take medications as directed after meals.,2026-10-08
518,VIS-PHC--20260920-0019,NC-PHC-2026-0019,Girish Kulkarni,e2e_doctor_user,Namma Clinic Local PHC,DISPENSED,Metformin HCl,500 mg,1-0-1 After Food,Twice Daily,30,60,60,DISPENSED,Take medications as directed after meals.,2026-10-08
519,VIS-PHC--20260715-0020,NC-PHC-2026-0020,Roopa Nayak,e2e_doctor_user,Namma Clinic Local PHC,DISPENSED,Metformin HCl,500 mg,1-0-1 After Food,Twice Daily,30,60,60,DISPENSED,Take medications as directed after meals.,2026-10-08
520,VIS-PHC--20260818-0020,NC-PHC-2026-0020,Roopa Nayak,e2e_doctor_user,Namma Clinic Local PHC,DISPENSED,Metformin HCl,500 mg,1-0-1 After Food,Twice Daily,30,60,60,DISPENSED,Take medications as directed after meals.,2026-10-08
521,VIS-PHC--20260920-0020,NC-PHC-2026-0020,Roopa Nayak,e2e_doctor_user,Namma Clinic Local PHC,DISPENSED,Metformin HCl,500 mg,1-0-1 After Food,Twice Daily,30,60,60,DISPENSED,Take medications as directed after meals.,2026-10-08
522,VIS-PHC--20261003-0001,NC-PHC-2026-0021,Ravi Kumar,e2e_doctor_user,Namma Clinic Local PHC,DISPENSED,Paracetamol,650 mg,1-0-1-1 After Food,Four Times Daily,5,20,20,DISPENSED,Take medications as directed after meals.,2026-10-08
522,VIS-PHC--20261003-0001,NC-PHC-2026-0021,Ravi Kumar,e2e_doctor_user,Namma Clinic Local PHC,DISPENSED,ORS Sachet,21.8 g,1 Sachet in 1L Water,As Directed,5,5,5,DISPENSED,Take medications as directed after meals.,2026-10-08
523,VIS-PHC--20261004-0001,NC-PHC-2026-0022,Preeti Shenoy,e2e_doctor_user,Namma Clinic Local PHC,DISPENSED,Amoxicillin Trihydrate,500 mg,1-0-1 After Food,Twice Daily,7,14,14,DISPENSED,Take medications as directed after meals.,2026-10-08
523,VIS-PHC--20261004-0001,NC-PHC-2026-0022,Preeti Shenoy,e2e_doctor_user,Namma Clinic Local PHC,DISPENSED,Paracetamol,650 mg,1-0-1 After Food,Three Times Daily,5,15,15,DISPENSED,Take medications as directed after meals.,2026-10-08
524,VIS-PHC--20261005-0001,NC-PHC-2026-0023,Vijay Patil,e2e_doctor_user,Namma Clinic Local PHC,DISPENSED,Paracetamol,650 mg,1-0-1 After Food,Three Times Daily,5,15,15,DISPENSED,Take medications as directed after meals.,2026-10-08
525,VIS-PHC--20261006-0001,NC-PHC-2026-0024,Geetha Raman,e2e_doctor_user,Namma Clinic Local PHC,DISPENSED,ORS Sachet,21.8 g,1 Sachet in 1L Water,Frequent Sips,5,10,10,DISPENSED,Take medications as directed after meals.,2026-10-08
525,VIS-PHC--20261006-0001,NC-PHC-2026-0024,Geetha Raman,e2e_doctor_user,Namma Clinic Local PHC,DISPENSED,Paracetamol,650 mg,1-0-0 As Needed,As Needed,3,6,6,DISPENSED,Take medications as directed after meals.,2026-10-08
526,VIS-PHC--20261007-0001,NC-PHC-2026-0025,Mohan Bhat,e2e_doctor_user,Namma Clinic Local PHC,DISPENSED,Paracetamol,650 mg,1-0-1-1 After Food,Four Times Daily,5,20,20,DISPENSED,Take medications as directed after meals.,2026-10-08
526,VIS-PHC--20261007-0001,NC-PHC-2026-0025,Mohan Bhat,e2e_doctor_user,Namma Clinic Local PHC,DISPENSED,ORS Sachet,21.8 g,1 Sachet in 1L Water,As Directed,5,5,5,DISPENSED,Take medications as directed after meals.,2026-10-08
527,VIS-PHC--20261001-0001,NC-PHC-2026-0026,Archana Kulkarni,e2e_doctor_user,Namma Clinic Local PHC,DISPENSED,Amoxicillin Trihydrate,500 mg,1-0-1 After Food,Twice Daily,7,14,14,DISPENSED,Take medications as directed after meals.,2026-10-08
527,VIS-PHC--20261001-0001,NC-PHC-2026-0026,Archana Kulkarni,e2e_doctor_user,Namma Clinic Local PHC,DISPENSED,Paracetamol,650 mg,1-0-1 After Food,Three Times Daily,5,15,15,DISPENSED,Take medications as directed after meals.,2026-10-08
528,VIS-PHC--20261002-0001,NC-PHC-2026-0027,Santosh Gowda,e2e_doctor_user,Namma Clinic Local PHC,DISPENSED,Paracetamol,650 mg,1-0-1-1 After Food,Four Times Daily,5,20,20,DISPENSED,Take medications as directed after meals.,2026-10-08
528,VIS-PHC--20261002-0001,NC-PHC-2026-0027,Santosh Gowda,e2e_doctor_user,Namma Clinic Local PHC,DISPENSED,ORS Sachet,21.8 g,1 Sachet in 1L Water,As Directed,5,5,5,DISPENSED,Take medications as directed after meals.,2026-10-08
529,VIS-PHC--20261003-0002,NC-PHC-2026-0028,Vidya Shankar,e2e_doctor_user,Namma Clinic Local PHC,DISPENSED,ORS Sachet,21.8 g,1 Sachet in 1L Water,Frequent Sips,5,10,10,DISPENSED,Take medications as directed after meals.,2026-10-08
529,VIS-PHC--20261003-0002,NC-PHC-2026-0028,Vidya Shankar,e2e_doctor_user,Namma Clinic Local PHC,DISPENSED,Paracetamol,650 mg,1-0-0 As Needed,As Needed,3,6,6,DISPENSED,Take medications as directed after meals.,2026-10-08
530,VIS-PHC--20261004-0002,NC-PHC-2026-0029,Harish Reddy,e2e_doctor_user,Namma Clinic Local PHC,DISPENSED,Amoxicillin Trihydrate,500 mg,1-0-1 After Food,Twice Daily,7,14,14,DISPENSED,Take medications as directed after meals.,2026-10-08
530,VIS-PHC--20261004-0002,NC-PHC-2026-0029,Harish Reddy,e2e_doctor_user,Namma Clinic Local PHC,DISPENSED,Paracetamol,650 mg,1-0-1 After Food,Three Times Daily,5,15,15,DISPENSED,Take medications as directed after meals.,2026-10-08
531,VIS-PHC--20261005-0002,NC-PHC-2026-0030,Nalini Hegde,e2e_doctor_user,Namma Clinic Local PHC,DISPENSED,Paracetamol,650 mg,1-0-1 After Food,Three Times Daily,5,15,15,DISPENSED,Take medications as directed after meals.,2026-10-08
532,VIS-PHC--20261006-0002,NC-PHC-2026-0031,Kiran Acharya,e2e_doctor_user,Namma Clinic Local PHC,DISPENSED,ORS Sachet,21.8 g,1 Sachet in 1L Water,Frequent Sips,5,10,10,DISPENSED,Take medications as directed after meals.,2026-10-08
532,VIS-PHC--20261006-0002,NC-PHC-2026-0031,Kiran Acharya,e2e_doctor_user,Namma Clinic Local PHC,DISPENSED,Paracetamol,650 mg,1-0-0 As Needed,As Needed,3,6,6,DISPENSED,Take medications as directed after meals.,2026-10-08
533,VIS-PHC--20261007-0002,NC-PHC-2026-0032,Bhavana Rao,e2e_doctor_user,Namma Clinic Local PHC,DISPENSED,Paracetamol,650 mg,1-0-1-1 After Food,Four Times Daily,5,20,20,DISPENSED,Take medications as directed after meals.,2026-10-08
533,VIS-PHC--20261007-0002,NC-PHC-2026-0032,Bhavana Rao,e2e_doctor_user,Namma Clinic Local PHC,DISPENSED,ORS Sachet,21.8 g,1 Sachet in 1L Water,As Directed,5,5,5,DISPENSED,Take medications as directed after meals.,2026-10-08
534,VIS-PHC--20261004-0003,NC-PHC-2026-0033,Shivakumar Swamy,e2e_doctor_user,Namma Clinic Local PHC,DISPENSED,Paracetamol,650 mg,1-0-1 After Food,Twice Daily,5,10,10,DISPENSED,Take medications as directed after meals.,2026-10-08
534,VIS-PHC--20261004-0003,NC-PHC-2026-0033,Shivakumar Swamy,e2e_doctor_user,Namma Clinic Local PHC,DISPENSED,Cetirizine HCl,10 mg,0-0-1 At Night,Once Daily,5,5,5,DISPENSED,Take medications as directed after meals.,2026-10-08
535,VIS-PHC--20261005-0003,NC-PHC-2026-0034,Usha Devi,e2e_doctor_user,Namma Clinic Local PHC,DISPENSED,Amoxicillin Trihydrate,500 mg,1-0-1 After Food,Twice Daily,5,10,10,DISPENSED,Take medications as directed after meals.,2026-10-08
535,VIS-PHC--20261005-0003,NC-PHC-2026-0034,Usha Devi,e2e_doctor_user,Namma Clinic Local PHC,DISPENSED,Paracetamol,650 mg,1-0-1 After Food,Twice Daily,5,10,10,DISPENSED,Take medications as directed after meals.,2026-10-08
536,VIS-PHC--20261006-0003,NC-PHC-2026-0035,Mahesh Prabhu,e2e_doctor_user,Namma Clinic Local PHC,DISPENSED,ORS Sachet,21.8 g,1 Sachet in 1L Water,As Needed,3,3,3,DISPENSED,Take medications as directed after meals.,2026-10-08
537,VIS-PHC--20261007-0003,NC-PHC-2026-0036,Suma Shetty,e2e_doctor_user,Namma Clinic Local PHC,DISPENSED,Paracetamol,650 mg,1-0-1 After Food,Twice Daily,7,14,14,DISPENSED,Take medications as directed after meals.,2026-10-08
538,VIS-PHC--20261003-0003,NC-PHC-2026-0037,Chandrakanth Patil,e2e_doctor_user,Namma Clinic Local PHC,DISPENSED,Cetirizine HCl,10 mg,0-0-1 At Night,Once Daily,7,7,7,DISPENSED,Take medications as directed after meals.,2026-10-08
539,VIS-PHC--20261004-0004,NC-PHC-2026-0038,Shilpa Kulkarni,e2e_doctor_user,Namma Clinic Local PHC,DISPENSED,Iron & Folic Acid,100mg Fe + 500mcg FA,1-0-0 After Food,Once Daily,30,30,30,DISPENSED,Take medications as directed after meals.,2026-10-08
540,VIS-PHC--20261005-0004,NC-PHC-2026-0039,Naveen Gowda,e2e_doctor_user,Namma Clinic Local PHC,DISPENSED,Paracetamol,650 mg,1-0-1 After Food,Twice Daily,5,10,10,DISPENSED,Take medications as directed after meals.,2026-10-08
540,VIS-PHC--20261005-0004,NC-PHC-2026-0039,Naveen Gowda,e2e_doctor_user,Namma Clinic Local PHC,DISPENSED,Cetirizine HCl,10 mg,0-0-1 At Night,Once Daily,5,5,5,DISPENSED,Take medications as directed after meals.,2026-10-08
541,VIS-PHC--20261006-0004,NC-PHC-2026-0040,Deepthi Bhat,e2e_doctor_user,Namma Clinic Local PHC,DISPENSED,ORS Sachet,21.8 g,1 Sachet in 1L Water,As Needed,3,3,3,DISPENSED,Take medications as directed after meals.,2026-10-08
542,VIS-PHC--20261007-0004,NC-PHC-2026-0041,Jagadeesh Murthy,e2e_doctor_user,Namma Clinic Local PHC,DISPENSED,Paracetamol,650 mg,1-0-1 After Food,Twice Daily,7,14,14,DISPENSED,Take medications as directed after meals.,2026-10-08
543,VIS-PHC--20261003-0004,NC-PHC-2026-0042,Rashmi Kamath,e2e_doctor_user,Namma Clinic Local PHC,DISPENSED,Paracetamol,650 mg,1-0-1 After Food,Twice Daily,5,10,10,DISPENSED,Take medications as directed after meals.,2026-10-08
543,VIS-PHC--20261003-0004,NC-PHC-2026-0042,Rashmi Kamath,e2e_doctor_user,Namma Clinic Local PHC,DISPENSED,Cetirizine HCl,10 mg,0-0-1 At Night,Once Daily,5,5,5,DISPENSED,Take medications as directed after meals.,2026-10-08
544,VIS-PHC--20261004-0005,NC-PHC-2026-0043,Madhusudhan Rao,e2e_doctor_user,Namma Clinic Local PHC,DISPENSED,Amoxicillin Trihydrate,500 mg,1-0-1 After Food,Twice Daily,5,10,10,DISPENSED,Take medications as directed after meals.,2026-10-08
544,VIS-PHC--20261004-0005,NC-PHC-2026-0043,Madhusudhan Rao,e2e_doctor_user,Namma Clinic Local PHC,DISPENSED,Paracetamol,650 mg,1-0-1 After Food,Twice Daily,5,10,10,DISPENSED,Take medications as directed after meals.,2026-10-08
545,VIS-PHC--20261005-0005,NC-PHC-2026-0044,Divya Shenoy,e2e_doctor_user,Namma Clinic Local PHC,DISPENSED,Iron & Folic Acid,100mg Fe + 500mcg FA,1-0-0 After Food,Once Daily,30,30,30,DISPENSED,Take medications as directed after meals.,2026-10-08
546,VIS-PHC--20261006-0005,NC-PHC-2026-0045,Anil Kumar,e2e_doctor_user,Namma Clinic Local PHC,DISPENSED,Paracetamol,650 mg,1-0-1 After Food,Twice Daily,5,10,10,DISPENSED,Take medications as directed after meals.,2026-10-08
546,VIS-PHC--20261006-0005,NC-PHC-2026-0045,Anil Kumar,e2e_doctor_user,Namma Clinic Local PHC,DISPENSED,Cetirizine HCl,10 mg,0-0-1 At Night,Once Daily,5,5,5,DISPENSED,Take medications as directed after meals.,2026-10-08
547,VIS-PHC--20261007-0005,NC-PHC-2026-0046,Padma Sundaram,e2e_doctor_user,Namma Clinic Local PHC,DISPENSED,Paracetamol,650 mg,1-0-1 After Food,Twice Daily,7,14,14,DISPENSED,Take medications as directed after meals.,2026-10-08
548,VIS-PHC--20260929-0001,NC-PHC-2026-0047,Sunil Hegde,e2e_doctor_user,Namma Clinic Local PHC,DISPENSED,Paracetamol,650 mg,1-0-1 After Food,Twice Daily,3,6,6,DISPENSED,Take medications as directed after meals.,2026-10-08
549,VIS-PHC--20260930-0001,NC-PHC-2026-0048,Bharati Nayak,e2e_doctor_user,Namma Clinic Local PHC,DISPENSED,Paracetamol,650 mg,1-0-1 After Food,Twice Daily,3,6,6,DISPENSED,Take medications as directed after meals.,2026-10-08
550,VIS-PHC--20261001-0002,NC-PHC-2026-0049,Ashok Kulkarni,e2e_doctor_user,Namma Clinic Local PHC,DISPENSED,Paracetamol,650 mg,1-0-1 After Food,Twice Daily,3,6,6,DISPENSED,Take medications as directed after meals.,2026-10-08
551,VIS-PHC--20261002-0002,NC-PHC-2026-0050,Veena Prabhu,e2e_doctor_user,Namma Clinic Local PHC,DISPENSED,Paracetamol,650 mg,1-0-1 After Food,Twice Daily,3,6,6,DISPENSED,Take medications as directed after meals.,2026-10-08
552,VIS-PHC--20261003-0005,NC-PHC-2026-0051,Prasanna Kumar,e2e_doctor_user,Namma Clinic Local PHC,DISPENSED,Paracetamol,650 mg,1-0-1 After Food,Twice Daily,3,6,6,DISPENSED,Take medications as directed after meals.,2026-10-08
553,VIS-PHC--20261004-0006,NC-PHC-2026-0052,Radhika Bhat,e2e_doctor_user,Namma Clinic Local PHC,DISPENSED,Paracetamol,650 mg,1-0-1 After Food,Twice Daily,3,6,6,DISPENSED,Take medications as directed after meals.,2026-10-08
554,VIS-PHC--20261005-0006,NC-PHC-2026-0053,Nagaraj Gowda,e2e_doctor_user,Namma Clinic Local PHC,DISPENSED,Paracetamol,650 mg,1-0-1 After Food,Twice Daily,3,6,6,DISPENSED,Take medications as directed after meals.,2026-10-08
555,VIS-PHC--20261006-0006,NC-PHC-2026-0054,Swathi Rao,e2e_doctor_user,Namma Clinic Local PHC,DISPENSED,Paracetamol,650 mg,1-0-1 After Food,Twice Daily,3,6,6,DISPENSED,Take medications as directed after meals.,2026-10-08
556,VIS-PHC--20261008-0009,NC-PHC-2026-0002,Ananya Bhat,e2e_doctor_user,Namma Clinic Local PHC,VERIFIED,Metformin HCl,500 mg,1-0-1 After Food,Twice Daily,14,28,0,PENDING,Take medications as directed after meals.,2026-10-08
557,VIS-PHC--20261008-0010,NC-PHC-2026-0022,Preeti Shenoy,e2e_doctor_user,Namma Clinic Local PHC,VERIFIED,Paracetamol,650 mg,1-0-1 After Food,Twice Daily,14,28,0,PENDING,Take medications as directed after meals.,2026-10-08
558,VIS-PHC--20261008-0011,NC-PHC-2026-0003,Suresh Hegde,e2e_doctor_user,Namma Clinic Local PHC,DISPENSED,Amlodipine Besylate,5 mg,1-0-0 After Food,Daily,14,14,14,DISPENSED,Take medications as directed after meals.,2026-10-08
559,VIS-PHC--20261008-0012,NC-PHC-2026-0004,Deepa Rao,e2e_doctor_user,Namma Clinic Local PHC,DISPENSED,Metformin HCl,500 mg,1-0-0 After Food,Daily,14,14,14,DISPENSED,Take medications as directed after meals.,2026-10-08
560,VIS-PHC--20261008-0013,NC-PHC-2026-0033,Shivakumar Swamy,e2e_doctor_user,Namma Clinic Local PHC,DISPENSED,Paracetamol,650 mg,1-0-0 After Food,Daily,14,14,14,DISPENSED,Take medications as directed after meals.,2026-10-08
561,VIS-PHC--20261008-0014,NC-PHC-2026-0034,Usha Devi,e2e_doctor_user,Namma Clinic Local PHC,DISPENSED,Amoxicillin Trihydrate,500 mg,1-0-0 After Food,Daily,14,14,14,DISPENSED,Take medications as directed after meals.,2026-10-08
