Dispensation Number,Prescription ID,Patient ID,Patient Name,Facility,Dispensed By,Medicine,Batch Number,Quantity Dispensed,Remarks,Counselled,Counseling Notes,Dispensed At
DISP-20260715-663BC1,462,NC-PHC-2026-0001,Ramesh Gowda,Namma Clinic Local PHC,e2e_pharmacist_user,Amlodipine Besylate 5 mg,BATCH-PHC-AML-01,30,Standard generic dispensation. Patient counselled on dosage.,YES,Patient understood timings and precautions.,2026-10-08 06:55:35
DISP-20260818-929EF5,463,NC-PHC-2026-0001,Ramesh Gowda,Namma Clinic Local PHC,e2e_pharmacist_user,Amlodipine Besylate 5 mg,BATCH-PHC-AML-01,30,Standard generic dispensation. Patient counselled on dosage.,YES,Patient understood timings and precautions.,2026-10-08 06:55:35
DISP-20260920-98C803,464,NC-PHC-2026-0001,Ramesh Gowda,Namma Clinic Local PHC,e2e_pharmacist_user,Amlodipine Besylate 5 mg,BATCH-PHC-AML-01,30,Standard generic dispensation. Patient counselled on dosage.,YES,Patient understood timings and precautions.,2026-10-08 06:55:35
DISP-20260715-65428A,465,NC-PHC-2026-0002,Ananya Bhat,Namma Clinic Local PHC,e2e_pharmacist_user,Metformin HCl 500 mg,BATCH-PHC-MET-01,60,Standard generic dispensation. Patient counselled on dosage.,YES,Patient understood timings and precautions.,2026-10-08 06:55:35
DISP-20260818-189BD2,466,NC-PHC-2026-0002,Ananya Bhat,Namma Clinic Local PHC,e2e_pharmacist_user,Metformin HCl 500 mg,BATCH-PHC-MET-01,60,Standard generic dispensation. Patient counselled on dosage.,YES,Patient understood timings and precautions.,2026-10-08 06:55:35
DISP-20260920-19CB7E,467,NC-PHC-2026-0002,Ananya Bhat,Namma Clinic Local PHC,e2e_pharmacist_user,Metformin HCl 500 mg,BATCH-PHC-MET-01,60,Standard generic dispensation. Patient counselled on dosage.,YES,Patient understood timings and precautions.,2026-10-08 06:55:35
DISP-20260715-AE1D62,468,NC-PHC-2026-0003,Suresh Hegde,Namma Clinic Local PHC,e2e_pharmacist_user,Amlodipine Besylate 5 mg,BATCH-PHC-AML-01,30,Standard generic dispensation. Patient counselled on dosage.,YES,Patient understood timings and precautions.,2026-10-08 06:55:35
DISP-20260715-AE1D62,468,NC-PHC-2026-0003,Suresh Hegde,Namma Clinic Local PHC,e2e_pharmacist_user,Metformin HCl 500 mg,BATCH-PHC-MET-01,60,Standard generic dispensation. Patient counselled on dosage.,YES,Patient understood timings and precautions.,2026-10-08 06:55:35
DISP-20260818-41E32C,469,NC-PHC-2026-0003,Suresh Hegde,Namma Clinic Local PHC,e2e_pharmacist_user,Amlodipine Besylate 5 mg,BATCH-PHC-AML-01,30,Standard generic dispensation. Patient counselled on dosage.,YES,Patient understood timings and precautions.,2026-10-08 06:55:36
DISP-20260818-41E32C,469,NC-PHC-2026-0003,Suresh Hegde,Namma Clinic Local PHC,e2e_pharmacist_user,Metformin HCl 500 mg,BATCH-PHC-MET-01,60,Standard generic dispensation. Patient counselled on dosage.,YES,Patient understood timings and precautions.,2026-10-08 06:55:36
DISP-20260920-7D8E6C,470,NC-PHC-2026-0003,Suresh Hegde,Namma Clinic Local PHC,e2e_pharmacist_user,Amlodipine Besylate 5 mg,BATCH-PHC-AML-01,30,Standard generic dispensation. Patient counselled on dosage.,YES,Patient understood timings and precautions.,2026-10-08 06:55:36
DISP-20260920-7D8E6C,470,NC-PHC-2026-0003,Suresh Hegde,Namma Clinic Local PHC,e2e_pharmacist_user,Metformin HCl 500 mg,BATCH-PHC-MET-01,60,Standard generic dispensation. Patient counselled on dosage.,YES,Patient understood timings and precautions.,2026-10-08 06:55:36
DISP-20260715-165409,471,NC-PHC-2026-0004,Deepa Rao,Namma Clinic Local PHC,e2e_pharmacist_user,Amlodipine Besylate 5 mg,BATCH-PHC-AML-01,30,Standard generic dispensation. Patient counselled on dosage.,YES,Patient understood timings and precautions.,2026-10-08 06:55:36
DISP-20260818-188199,472,NC-PHC-2026-0004,Deepa Rao,Namma Clinic Local PHC,e2e_pharmacist_user,Amlodipine Besylate 5 mg,BATCH-PHC-AML-01,30,Standard generic dispensation. Patient counselled on dosage.,YES,Patient understood timings and precautions.,2026-10-08 06:55:36
DISP-20260920-F5DC92,473,NC-PHC-2026-0004,Deepa Rao,Namma Clinic Local PHC,e2e_pharmacist_user,Amlodipine Besylate 5 mg,BATCH-PHC-AML-01,30,Standard generic dispensation. Patient counselled on dosage.,YES,Patient understood timings and precautions.,2026-10-08 06:55:36
DISP-20260715-3A2DA8,474,NC-PHC-2026-0005,Venkatesh Prasad,Namma Clinic Local PHC,e2e_pharmacist_user,Amlodipine Besylate 5 mg,BATCH-PHC-AML-01,30,Standard generic dispensation. Patient counselled on dosage.,YES,Patient understood timings and precautions.,2026-10-08 06:55:36
DISP-20260715-3A2DA8,474,NC-PHC-2026-0005,Venkatesh Prasad,Namma Clinic Local PHC,e2e_pharmacist_user,Metformin HCl 500 mg,BATCH-PHC-MET-01,60,Standard generic dispensation. Patient counselled on dosage.,YES,Patient understood timings and precautions.,2026-10-08 06:55:36
DISP-20260818-A37636,475,NC-PHC-2026-0005,Venkatesh Prasad,Namma Clinic Local PHC,e2e_pharmacist_user,Amlodipine Besylate 5 mg,BATCH-PHC-AML-01,30,Standard generic dispensation. Patient counselled on dosage.,YES,Patient understood timings and precautions.,2026-10-08 06:55:36
DISP-20260818-A37636,475,NC-PHC-2026-0005,Venkatesh Prasad,Namma Clinic Local PHC,e2e_pharmacist_user,Metformin HCl 500 mg,BATCH-PHC-MET-01,60,Standard generic dispensation. Patient counselled on dosage.,YES,Patient understood timings and precautions.,2026-10-08 06:55:36
DISP-20260920-672ED9,476,NC-PHC-2026-0005,Venkatesh Prasad,Namma Clinic Local PHC,e2e_pharmacist_user,Amlodipine Besylate 5 mg,BATCH-PHC-AML-01,30,Standard generic dispensation. Patient counselled on dosage.,YES,Patient understood timings and precautions.,2026-10-08 06:55:36
DISP-20260920-672ED9,476,NC-PHC-2026-0005,Venkatesh Prasad,Namma Clinic Local PHC,e2e_pharmacist_user,Metformin HCl 500 mg,BATCH-PHC-MET-01,60,Standard generic dispensation. Patient counselled on dosage.,YES,Patient understood timings and precautions.,2026-10-08 06:55:36
DISP-20260715-0EA28D,477,NC-PHC-2026-0006,Kavitha Kulkarni,Namma Clinic Local PHC,e2e_pharmacist_user,Metformin HCl 500 mg,BATCH-PHC-MET-01,60,Standard generic dispensation. Patient counselled on dosage.,YES,Patient understood timings and precautions.,2026-10-08 06:55:36
DISP-20260818-BC46F0,478,NC-PHC-2026-0006,Kavitha Kulkarni,Namma Clinic Local PHC,e2e_pharmacist_user,Metformin HCl 500 mg,BATCH-PHC-MET-01,60,Standard generic dispensation. Patient counselled on dosage.,YES,Patient understood timings and precautions.,2026-10-08 06:55:36
DISP-20260920-3F3CF6,479,NC-PHC-2026-0006,Kavitha Kulkarni,Namma Clinic Local PHC,e2e_pharmacist_user,Metformin HCl 500 mg,BATCH-PHC-MET-01,60,Standard generic dispensation. Patient counselled on dosage.,YES,Patient understood timings and precautions.,2026-10-08 06:55:36
DISP-20260715-D703D2,480,NC-PHC-2026-0007,Basavaraj Nayak,Namma Clinic Local PHC,e2e_pharmacist_user,Amlodipine Besylate 5 mg,BATCH-PHC-AML-01,30,Standard generic dispensation. Patient counselled on dosage.,YES,Patient understood timings and precautions.,2026-10-08 06:55:36
DISP-20260818-F2928F,481,NC-PHC-2026-0007,Basavaraj Nayak,Namma Clinic Local PHC,e2e_pharmacist_user,Amlodipine Besylate 5 mg,BATCH-PHC-AML-01,30,Standard generic dispensation. Patient counselled on dosage.,YES,Patient understood timings and precautions.,2026-10-08 06:55:36
DISP-20260920-057780,482,NC-PHC-2026-0007,Basavaraj Nayak,Namma Clinic Local PHC,e2e_pharmacist_user,Amlodipine Besylate 5 mg,BATCH-PHC-AML-01,30,Standard generic dispensation. Patient counselled on dosage.,YES,Patient understood timings and precautions.,2026-10-08 06:55:36
DISP-20260715-175E2B,483,NC-PHC-2026-0008,Pooja Shetty,Namma Clinic Local PHC,e2e_pharmacist_user,Metformin HCl 500 mg,BATCH-PHC-MET-01,60,Standard generic dispensation. Patient counselled on dosage.,YES,Patient understood timings and precautions.,2026-10-08 06:55:36
DISP-20260818-96AF09,484,NC-PHC-2026-0008,Pooja Shetty,Namma Clinic Local PHC,e2e_pharmacist_user,Metformin HCl 500 mg,BATCH-PHC-MET-01,60,Standard generic dispensation. Patient counselled on dosage.,YES,Patient understood timings and precautions.,2026-10-08 06:55:36
DISP-20260920-3D5F15,485,NC-PHC-2026-0008,Pooja Shetty,Namma Clinic Local PHC,e2e_pharmacist_user,Metformin HCl 500 mg,BATCH-PHC-MET-01,60,Standard generic dispensation. Patient counselled on dosage.,YES,Patient understood timings and precautions.,2026-10-08 06:55:36
DISP-20260715-D89907,486,NC-PHC-2026-0009,Manjunath Murthy,Namma Clinic Local PHC,e2e_pharmacist_user,Amlodipine Besylate 5 mg,BATCH-PHC-AML-01,30,Standard generic dispensation. Patient counselled on dosage.,YES,Patient understood timings and precautions.,2026-10-08 06:55:36
DISP-20260715-D89907,486,NC-PHC-2026-0009,Manjunath Murthy,Namma Clinic Local PHC,e2e_pharmacist_user,Metformin HCl 500 mg,BATCH-PHC-MET-01,60,Standard generic dispensation. Patient counselled on dosage.,YES,Patient understood timings and precautions.,2026-10-08 06:55:36
DISP-20260818-FCDA7F,487,NC-PHC-2026-0009,Manjunath Murthy,Namma Clinic Local PHC,e2e_pharmacist_user,Amlodipine Besylate 5 mg,BATCH-PHC-AML-01,30,Standard generic dispensation. Patient counselled on dosage.,YES,Patient understood timings and precautions.,2026-10-08 06:55:36
DISP-20260818-FCDA7F,487,NC-PHC-2026-0009,Manjunath Murthy,Namma Clinic Local PHC,e2e_pharmacist_user,Metformin HCl 500 mg,BATCH-PHC-MET-01,60,Standard generic dispensation. Patient counselled on dosage.,YES,Patient understood timings and precautions.,2026-10-08 06:55:36
DISP-20260920-D7ECD5,488,NC-PHC-2026-0009,Manjunath Murthy,Namma Clinic Local PHC,e2e_pharmacist_user,Amlodipine Besylate 5 mg,BATCH-PHC-AML-01,30,Standard generic dispensation. Patient counselled on dosage.,YES,Patient understood timings and precautions.,2026-10-08 06:55:36
DISP-20260920-D7ECD5,488,NC-PHC-2026-0009,Manjunath Murthy,Namma Clinic Local PHC,e2e_pharmacist_user,Metformin HCl 500 mg,BATCH-PHC-MET-01,60,Standard generic dispensation. Patient counselled on dosage.,YES,Patient understood timings and precautions.,2026-10-08 06:55:36
DISP-20260715-1F73B2,489,NC-PHC-2026-0010,Sunitha Deshmukh,Namma Clinic Local PHC,e2e_pharmacist_user,Amlodipine Besylate 5 mg,BATCH-PHC-AML-01,30,Standard generic dispensation. Patient counselled on dosage.,YES,Patient understood timings and precautions.,2026-10-08 06:55:36
DISP-20260818-F1D89F,490,NC-PHC-2026-0010,Sunitha Deshmukh,Namma Clinic Local PHC,e2e_pharmacist_user,Amlodipine Besylate 5 mg,BATCH-PHC-AML-01,30,Standard generic dispensation. Patient counselled on dosage.,YES,Patient understood timings and precautions.,2026-10-08 06:55:36
DISP-20260920-380E80,491,NC-PHC-2026-0010,Sunitha Deshmukh,Namma Clinic Local PHC,e2e_pharmacist_user,Amlodipine Besylate 5 mg,BATCH-PHC-AML-01,30,Standard generic dispensation. Patient counselled on dosage.,YES,Patient understood timings and precautions.,2026-10-08 06:55:36
DISP-20260715-109E93,492,NC-PHC-2026-0011,Chetan Patil,Namma Clinic Local PHC,e2e_pharmacist_user,Metformin HCl 500 mg,BATCH-PHC-MET-01,60,Standard generic dispensation. Patient counselled on dosage.,YES,Patient understood timings and precautions.,2026-10-08 06:55:36
DISP-20260818-C5DB59,493,NC-PHC-2026-0011,Chetan Patil,Namma Clinic Local PHC,e2e_pharmacist_user,Metformin HCl 500 mg,BATCH-PHC-MET-01,60,Standard generic dispensation. Patient counselled on dosage.,YES,Patient understood timings and precautions.,2026-10-08 06:55:36
DISP-20260920-F32073,494,NC-PHC-2026-0011,Chetan Patil,Namma Clinic Local PHC,e2e_pharmacist_user,Metformin HCl 500 mg,BATCH-PHC-MET-01,60,Standard generic dispensation. Patient counselled on dosage.,YES,Patient understood timings and precautions.,2026-10-08 06:55:36
DISP-20260715-616F69,495,NC-PHC-2026-0012,Rekha Acharya,Namma Clinic Local PHC,e2e_pharmacist_user,Amlodipine Besylate 5 mg,BATCH-PHC-AML-01,30,Standard generic dispensation. Patient counselled on dosage.,YES,Patient understood timings and precautions.,2026-10-08 06:55:36
DISP-20260818-7F3DC1,496,NC-PHC-2026-0012,Rekha Acharya,Namma Clinic Local PHC,e2e_pharmacist_user,Amlodipine Besylate 5 mg,BATCH-PHC-AML-01,30,Standard generic dispensation. Patient counselled on dosage.,YES,Patient understood timings and precautions.,2026-10-08 06:55:36
DISP-20260920-5F013D,497,NC-PHC-2026-0012,Rekha Acharya,Namma Clinic Local PHC,e2e_pharmacist_user,Amlodipine Besylate 5 mg,BATCH-PHC-AML-01,30,Standard generic dispensation. Patient counselled on dosage.,YES,Patient understood timings and precautions.,2026-10-08 06:55:36
DISP-20260715-41F696,498,NC-PHC-2026-0013,Praveen Kumar,Namma Clinic Local PHC,e2e_pharmacist_user,Amlodipine Besylate 5 mg,BATCH-PHC-AML-01,30,Standard generic dispensation. Patient counselled on dosage.,YES,Patient understood timings and precautions.,2026-10-08 06:55:36
DISP-20260715-41F696,498,NC-PHC-2026-0013,Praveen Kumar,Namma Clinic Local PHC,e2e_pharmacist_user,Metformin HCl 500 mg,BATCH-PHC-MET-01,60,Standard generic dispensation. Patient counselled on dosage.,YES,Patient understood timings and precautions.,2026-10-08 06:55:36
DISP-20260818-C1C155,499,NC-PHC-2026-0013,Praveen Kumar,Namma Clinic Local PHC,e2e_pharmacist_user,Amlodipine Besylate 5 mg,BATCH-PHC-AML-01,30,Standard generic dispensation. Patient counselled on dosage.,YES,Patient understood timings and precautions.,2026-10-08 06:55:36
DISP-20260818-C1C155,499,NC-PHC-2026-0013,Praveen Kumar,Namma Clinic Local PHC,e2e_pharmacist_user,Metformin HCl 500 mg,BATCH-PHC-MET-01,60,Standard generic dispensation. Patient counselled on dosage.,YES,Patient understood timings and precautions.,2026-10-08 06:55:36
DISP-20260920-51E98B,500,NC-PHC-2026-0013,Praveen Kumar,Namma Clinic Local PHC,e2e_pharmacist_user,Amlodipine Besylate 5 mg,BATCH-PHC-AML-01,30,Standard generic dispensation. Patient counselled on dosage.,YES,Patient understood timings and precautions.,2026-10-08 06:55:36
DISP-20260920-51E98B,500,NC-PHC-2026-0013,Praveen Kumar,Namma Clinic Local PHC,e2e_pharmacist_user,Metformin HCl 500 mg,BATCH-PHC-MET-01,60,Standard generic dispensation. Patient counselled on dosage.,YES,Patient understood timings and precautions.,2026-10-08 06:55:36
DISP-20260715-A7D12D,501,NC-PHC-2026-0014,Shwetha Joshi,Namma Clinic Local PHC,e2e_pharmacist_user,Metformin HCl 500 mg,BATCH-PHC-MET-01,60,Standard generic dispensation. Patient counselled on dosage.,YES,Patient understood timings and precautions.,2026-10-08 06:55:36
DISP-20260818-9ADB74,502,NC-PHC-2026-0014,Shwetha Joshi,Namma Clinic Local PHC,e2e_pharmacist_user,Metformin HCl 500 mg,BATCH-PHC-MET-01,60,Standard generic dispensation. Patient counselled on dosage.,YES,Patient understood timings and precautions.,2026-10-08 06:55:36
DISP-20260920-1F239F,503,NC-PHC-2026-0014,Shwetha Joshi,Namma Clinic Local PHC,e2e_pharmacist_user,Metformin HCl 500 mg,BATCH-PHC-MET-01,60,Standard generic dispensation. Patient counselled on dosage.,YES,Patient understood timings and precautions.,2026-10-08 06:55:36
DISP-20260715-6553A4,504,NC-PHC-2026-0015,Anand Bellary,Namma Clinic Local PHC,e2e_pharmacist_user,Amlodipine Besylate 5 mg,BATCH-PHC-AML-01,30,Standard generic dispensation. Patient counselled on dosage.,YES,Patient understood timings and precautions.,2026-10-08 06:55:36
DISP-20260818-BDF012,505,NC-PHC-2026-0015,Anand Bellary,Namma Clinic Local PHC,e2e_pharmacist_user,Amlodipine Besylate 5 mg,BATCH-PHC-AML-01,30,Standard generic dispensation. Patient counselled on dosage.,YES,Patient understood timings and precautions.,2026-10-08 06:55:36
DISP-20260920-D41B57,506,NC-PHC-2026-0015,Anand Bellary,Namma Clinic Local PHC,e2e_pharmacist_user,Amlodipine Besylate 5 mg,BATCH-PHC-AML-01,30,Standard generic dispensation. Patient counselled on dosage.,YES,Patient understood timings and precautions.,2026-10-08 06:55:37
DISP-20260715-8D5900,507,NC-PHC-2026-0016,Meenakshi Sundaram,Namma Clinic Local PHC,e2e_pharmacist_user,Amlodipine Besylate 5 mg,BATCH-PHC-AML-01,30,Standard generic dispensation. Patient counselled on dosage.,YES,Patient understood timings and precautions.,2026-10-08 06:55:37
DISP-20260715-8D5900,507,NC-PHC-2026-0016,Meenakshi Sundaram,Namma Clinic Local PHC,e2e_pharmacist_user,Metformin HCl 500 mg,BATCH-PHC-MET-01,60,Standard generic dispensation. Patient counselled on dosage.,YES,Patient understood timings and precautions.,2026-10-08 06:55:37
DISP-20260818-C793FA,508,NC-PHC-2026-0016,Meenakshi Sundaram,Namma Clinic Local PHC,e2e_pharmacist_user,Amlodipine Besylate 5 mg,BATCH-PHC-AML-01,30,Standard generic dispensation. Patient counselled on dosage.,YES,Patient understood timings and precautions.,2026-10-08 06:55:37
DISP-20260818-C793FA,508,NC-PHC-2026-0016,Meenakshi Sundaram,Namma Clinic Local PHC,e2e_pharmacist_user,Metformin HCl 500 mg,BATCH-PHC-MET-01,60,Standard generic dispensation. Patient counselled on dosage.,YES,Patient understood timings and precautions.,2026-10-08 06:55:37
DISP-20260920-15C349,509,NC-PHC-2026-0016,Meenakshi Sundaram,Namma Clinic Local PHC,e2e_pharmacist_user,Amlodipine Besylate 5 mg,BATCH-PHC-AML-01,30,Standard generic dispensation. Patient counselled on dosage.,YES,Patient understood timings and precautions.,2026-10-08 06:55:37
DISP-20260920-15C349,509,NC-PHC-2026-0016,Meenakshi Sundaram,Namma Clinic Local PHC,e2e_pharmacist_user,Metformin HCl 500 mg,BATCH-PHC-MET-01,60,Standard generic dispensation. Patient counselled on dosage.,YES,Patient understood timings and precautions.,2026-10-08 06:55:37
DISP-20260715-9647E7,510,NC-PHC-2026-0017,Raghavendra Rao,Namma Clinic Local PHC,e2e_pharmacist_user,Metformin HCl 500 mg,BATCH-PHC-MET-01,60,Standard generic dispensation. Patient counselled on dosage.,YES,Patient understood timings and precautions.,2026-10-08 06:55:37
DISP-20260818-146A90,511,NC-PHC-2026-0017,Raghavendra Rao,Namma Clinic Local PHC,e2e_pharmacist_user,Metformin HCl 500 mg,BATCH-PHC-MET-01,60,Standard generic dispensation. Patient counselled on dosage.,YES,Patient understood timings and precautions.,2026-10-08 06:55:37
DISP-20260920-5BAA20,512,NC-PHC-2026-0017,Raghavendra Rao,Namma Clinic Local PHC,e2e_pharmacist_user,Metformin HCl 500 mg,BATCH-PHC-MET-01,60,Standard generic dispensation. Patient counselled on dosage.,YES,Patient understood timings and precautions.,2026-10-08 06:55:37
DISP-20260715-4E7C36,513,NC-PHC-2026-0018,Soumya Hegde,Namma Clinic Local PHC,e2e_pharmacist_user,Amlodipine Besylate 5 mg,BATCH-PHC-AML-01,30,Standard generic dispensation. Patient counselled on dosage.,YES,Patient understood timings and precautions.,2026-10-08 06:55:37
DISP-20260818-B43DB3,514,NC-PHC-2026-0018,Soumya Hegde,Namma Clinic Local PHC,e2e_pharmacist_user,Amlodipine Besylate 5 mg,BATCH-PHC-AML-01,30,Standard generic dispensation. Patient counselled on dosage.,YES,Patient understood timings and precautions.,2026-10-08 06:55:37
DISP-20260920-AE6C00,515,NC-PHC-2026-0018,Soumya Hegde,Namma Clinic Local PHC,e2e_pharmacist_user,Amlodipine Besylate 5 mg,BATCH-PHC-AML-01,30,Standard generic dispensation. Patient counselled on dosage.,YES,Patient understood timings and precautions.,2026-10-08 06:55:37
DISP-20260715-7B7FD0,516,NC-PHC-2026-0019,Girish Kulkarni,Namma Clinic Local PHC,e2e_pharmacist_user,Amlodipine Besylate 5 mg,BATCH-PHC-AML-01,30,Standard generic dispensation. Patient counselled on dosage.,YES,Patient understood timings and precautions.,2026-10-08 06:55:37
DISP-20260715-7B7FD0,516,NC-PHC-2026-0019,Girish Kulkarni,Namma Clinic Local PHC,e2e_pharmacist_user,Metformin HCl 500 mg,BATCH-PHC-MET-01,60,Standard generic dispensation. Patient counselled on dosage.,YES,Patient understood timings and precautions.,2026-10-08 06:55:37
DISP-20260818-F80CC5,517,NC-PHC-2026-0019,Girish Kulkarni,Namma Clinic Local PHC,e2e_pharmacist_user,Amlodipine Besylate 5 mg,BATCH-PHC-AML-01,30,Standard generic dispensation. Patient counselled on dosage.,YES,Patient understood timings and precautions.,2026-10-08 06:55:37
DISP-20260818-F80CC5,517,NC-PHC-2026-0019,Girish Kulkarni,Namma Clinic Local PHC,e2e_pharmacist_user,Metformin HCl 500 mg,BATCH-PHC-MET-01,60,Standard generic dispensation. Patient counselled on dosage.,YES,Patient understood timings and precautions.,2026-10-08 06:55:37
DISP-20260920-B3E4C8,518,NC-PHC-2026-0019,Girish Kulkarni,Namma Clinic Local PHC,e2e_pharmacist_user,Amlodipine Besylate 5 mg,BATCH-PHC-AML-01,30,Standard generic dispensation. Patient counselled on dosage.,YES,Patient understood timings and precautions.,2026-10-08 06:55:37
DISP-20260920-B3E4C8,518,NC-PHC-2026-0019,Girish Kulkarni,Namma Clinic Local PHC,e2e_pharmacist_user,Metformin HCl 500 mg,BATCH-PHC-MET-01,60,Standard generic dispensation. Patient counselled on dosage.,YES,Patient understood timings and precautions.,2026-10-08 06:55:37
DISP-20260715-7BBB48,519,NC-PHC-2026-0020,Roopa Nayak,Namma Clinic Local PHC,e2e_pharmacist_user,Metformin HCl 500 mg,BATCH-PHC-MET-01,60,Standard generic dispensation. Patient counselled on dosage.,YES,Patient understood timings and precautions.,2026-10-08 06:55:37
DISP-20260818-96CF06,520,NC-PHC-2026-0020,Roopa Nayak,Namma Clinic Local PHC,e2e_pharmacist_user,Metformin HCl 500 mg,BATCH-PHC-MET-01,60,Standard generic dispensation. Patient counselled on dosage.,YES,Patient understood timings and precautions.,2026-10-08 06:55:37
DISP-20260920-4CB810,521,NC-PHC-2026-0020,Roopa Nayak,Namma Clinic Local PHC,e2e_pharmacist_user,Metformin HCl 500 mg,BATCH-PHC-MET-01,60,Standard generic dispensation. Patient counselled on dosage.,YES,Patient understood timings and precautions.,2026-10-08 06:55:37
DISP-20261003-11D294,522,NC-PHC-2026-0021,Ravi Kumar,Namma Clinic Local PHC,e2e_pharmacist_user,Paracetamol 650 mg,BATCH-PHC-PCM-01,20,Standard generic dispensation. Patient counselled on dosage.,YES,Patient understood timings and precautions.,2026-10-08 06:55:37
DISP-20261003-11D294,522,NC-PHC-2026-0021,Ravi Kumar,Namma Clinic Local PHC,e2e_pharmacist_user,ORS Sachet 21.8 g,BATCH-PHC-ORS-01,5,Standard generic dispensation. Patient counselled on dosage.,YES,Patient understood timings and precautions.,2026-10-08 06:55:37
DISP-20261004-18CA61,523,NC-PHC-2026-0022,Preeti Shenoy,Namma Clinic Local PHC,e2e_pharmacist_user,Amoxicillin Trihydrate 500 mg,BATCH-PHC-AMX-01,14,Standard generic dispensation. Patient counselled on dosage.,YES,Patient understood timings and precautions.,2026-10-08 06:55:37
DISP-20261004-18CA61,523,NC-PHC-2026-0022,Preeti Shenoy,Namma Clinic Local PHC,e2e_pharmacist_user,Paracetamol 650 mg,BATCH-PHC-PCM-01,15,Standard generic dispensation. Patient counselled on dosage.,YES,Patient understood timings and precautions.,2026-10-08 06:55:37
DISP-20261005-AC9758,524,NC-PHC-2026-0023,Vijay Patil,Namma Clinic Local PHC,e2e_pharmacist_user,Paracetamol 650 mg,BATCH-PHC-PCM-01,15,Standard generic dispensation. Patient counselled on dosage.,YES,Patient understood timings and precautions.,2026-10-08 06:55:37
DISP-20261006-A6397B,525,NC-PHC-2026-0024,Geetha Raman,Namma Clinic Local PHC,e2e_pharmacist_user,ORS Sachet 21.8 g,BATCH-PHC-ORS-01,10,Standard generic dispensation. Patient counselled on dosage.,YES,Patient understood timings and precautions.,2026-10-08 06:55:37
DISP-20261006-A6397B,525,NC-PHC-2026-0024,Geetha Raman,Namma Clinic Local PHC,e2e_pharmacist_user,Paracetamol 650 mg,BATCH-PHC-PCM-01,6,Standard generic dispensation. Patient counselled on dosage.,YES,Patient understood timings and precautions.,2026-10-08 06:55:37
DISP-20261007-2DD4F4,526,NC-PHC-2026-0025,Mohan Bhat,Namma Clinic Local PHC,e2e_pharmacist_user,Paracetamol 650 mg,BATCH-PHC-PCM-01,20,Standard generic dispensation. Patient counselled on dosage.,YES,Patient understood timings and precautions.,2026-10-08 06:55:37
DISP-20261007-2DD4F4,526,NC-PHC-2026-0025,Mohan Bhat,Namma Clinic Local PHC,e2e_pharmacist_user,ORS Sachet 21.8 g,BATCH-PHC-ORS-01,5,Standard generic dispensation. Patient counselled on dosage.,YES,Patient understood timings and precautions.,2026-10-08 06:55:37
DISP-20261001-4416ED,527,NC-PHC-2026-0026,Archana Kulkarni,Namma Clinic Local PHC,e2e_pharmacist_user,Amoxicillin Trihydrate 500 mg,BATCH-PHC-AMX-01,14,Standard generic dispensation. Patient counselled on dosage.,YES,Patient understood timings and precautions.,2026-10-08 06:55:37
DISP-20261001-4416ED,527,NC-PHC-2026-0026,Archana Kulkarni,Namma Clinic Local PHC,e2e_pharmacist_user,Paracetamol 650 mg,BATCH-PHC-PCM-01,15,Standard generic dispensation. Patient counselled on dosage.,YES,Patient understood timings and precautions.,2026-10-08 06:55:37
DISP-20261002-C64E29,528,NC-PHC-2026-0027,Santosh Gowda,Namma Clinic Local PHC,e2e_pharmacist_user,Paracetamol 650 mg,BATCH-PHC-PCM-01,20,Standard generic dispensation. Patient counselled on dosage.,YES,Patient understood timings and precautions.,2026-10-08 06:55:37
DISP-20261002-C64E29,528,NC-PHC-2026-0027,Santosh Gowda,Namma Clinic Local PHC,e2e_pharmacist_user,ORS Sachet 21.8 g,BATCH-PHC-ORS-01,5,Standard generic dispensation. Patient counselled on dosage.,YES,Patient understood timings and precautions.,2026-10-08 06:55:37
DISP-20261003-29366E,529,NC-PHC-2026-0028,Vidya Shankar,Namma Clinic Local PHC,e2e_pharmacist_user,ORS Sachet 21.8 g,BATCH-PHC-ORS-01,10,Standard generic dispensation. Patient counselled on dosage.,YES,Patient understood timings and precautions.,2026-10-08 06:55:37
DISP-20261003-29366E,529,NC-PHC-2026-0028,Vidya Shankar,Namma Clinic Local PHC,e2e_pharmacist_user,Paracetamol 650 mg,BATCH-PHC-PCM-01,6,Standard generic dispensation. Patient counselled on dosage.,YES,Patient understood timings and precautions.,2026-10-08 06:55:37
DISP-20261004-CD0485,530,NC-PHC-2026-0029,Harish Reddy,Namma Clinic Local PHC,e2e_pharmacist_user,Amoxicillin Trihydrate 500 mg,BATCH-PHC-AMX-01,14,Standard generic dispensation. Patient counselled on dosage.,YES,Patient understood timings and precautions.,2026-10-08 06:55:37
DISP-20261004-CD0485,530,NC-PHC-2026-0029,Harish Reddy,Namma Clinic Local PHC,e2e_pharmacist_user,Paracetamol 650 mg,BATCH-PHC-PCM-01,15,Standard generic dispensation. Patient counselled on dosage.,YES,Patient understood timings and precautions.,2026-10-08 06:55:37
DISP-20261005-5EEFB0,531,NC-PHC-2026-0030,Nalini Hegde,Namma Clinic Local PHC,e2e_pharmacist_user,Paracetamol 650 mg,BATCH-PHC-PCM-01,15,Standard generic dispensation. Patient counselled on dosage.,YES,Patient understood timings and precautions.,2026-10-08 06:55:37
DISP-20261006-DA0A0C,532,NC-PHC-2026-0031,Kiran Acharya,Namma Clinic Local PHC,e2e_pharmacist_user,ORS Sachet 21.8 g,BATCH-PHC-ORS-01,10,Standard generic dispensation. Patient counselled on dosage.,YES,Patient understood timings and precautions.,2026-10-08 06:55:37
DISP-20261006-DA0A0C,532,NC-PHC-2026-0031,Kiran Acharya,Namma Clinic Local PHC,e2e_pharmacist_user,Paracetamol 650 mg,BATCH-PHC-PCM-01,6,Standard generic dispensation. Patient counselled on dosage.,YES,Patient understood timings and precautions.,2026-10-08 06:55:37
DISP-20261007-8C60D0,533,NC-PHC-2026-0032,Bhavana Rao,Namma Clinic Local PHC,e2e_pharmacist_user,Paracetamol 650 mg,BATCH-PHC-PCM-01,20,Standard generic dispensation. Patient counselled on dosage.,YES,Patient understood timings and precautions.,2026-10-08 06:55:37
DISP-20261007-8C60D0,533,NC-PHC-2026-0032,Bhavana Rao,Namma Clinic Local PHC,e2e_pharmacist_user,ORS Sachet 21.8 g,BATCH-PHC-ORS-01,5,Standard generic dispensation. Patient counselled on dosage.,YES,Patient understood timings and precautions.,2026-10-08 06:55:37
DISP-20261004-AC2A80,534,NC-PHC-2026-0033,Shivakumar Swamy,Namma Clinic Local PHC,e2e_pharmacist_user,Paracetamol 650 mg,BATCH-PHC-PCM-01,10,Standard generic dispensation. Patient counselled on dosage.,YES,Patient understood timings and precautions.,2026-10-08 06:55:37
DISP-20261004-AC2A80,534,NC-PHC-2026-0033,Shivakumar Swamy,Namma Clinic Local PHC,e2e_pharmacist_user,Cetirizine HCl 10 mg,BATCH-PHC-CTZ-01,5,Standard generic dispensation. Patient counselled on dosage.,YES,Patient understood timings and precautions.,2026-10-08 06:55:37
DISP-20261005-CDE868,535,NC-PHC-2026-0034,Usha Devi,Namma Clinic Local PHC,e2e_pharmacist_user,Amoxicillin Trihydrate 500 mg,BATCH-PHC-AMX-01,10,Standard generic dispensation. Patient counselled on dosage.,YES,Patient understood timings and precautions.,2026-10-08 06:55:37
DISP-20261005-CDE868,535,NC-PHC-2026-0034,Usha Devi,Namma Clinic Local PHC,e2e_pharmacist_user,Paracetamol 650 mg,BATCH-PHC-PCM-01,10,Standard generic dispensation. Patient counselled on dosage.,YES,Patient understood timings and precautions.,2026-10-08 06:55:37
DISP-20261006-8635AC,536,NC-PHC-2026-0035,Mahesh Prabhu,Namma Clinic Local PHC,e2e_pharmacist_user,ORS Sachet 21.8 g,BATCH-PHC-ORS-01,3,Standard generic dispensation. Patient counselled on dosage.,YES,Patient understood timings and precautions.,2026-10-08 06:55:37
DISP-20261007-D90861,537,NC-PHC-2026-0036,Suma Shetty,Namma Clinic Local PHC,e2e_pharmacist_user,Paracetamol 650 mg,BATCH-PHC-PCM-01,14,Standard generic dispensation. Patient counselled on dosage.,YES,Patient understood timings and precautions.,2026-10-08 06:55:37
DISP-20261003-1E79E3,538,NC-PHC-2026-0037,Chandrakanth Patil,Namma Clinic Local PHC,e2e_pharmacist_user,Cetirizine HCl 10 mg,BATCH-PHC-CTZ-01,7,Standard generic dispensation. Patient counselled on dosage.,YES,Patient understood timings and precautions.,2026-10-08 06:55:37
DISP-20261004-312075,539,NC-PHC-2026-0038,Shilpa Kulkarni,Namma Clinic Local PHC,e2e_pharmacist_user,Iron & Folic Acid 100mg Fe + 500mcg FA,BAT-PHC-8-2026A,30,Standard generic dispensation. Patient counselled on dosage.,YES,Patient understood timings and precautions.,2026-10-08 06:55:38
DISP-20261005-CD3DDC,540,NC-PHC-2026-0039,Naveen Gowda,Namma Clinic Local PHC,e2e_pharmacist_user,Paracetamol 650 mg,BATCH-PHC-PCM-01,10,Standard generic dispensation. Patient counselled on dosage.,YES,Patient understood timings and precautions.,2026-10-08 06:55:38
DISP-20261005-CD3DDC,540,NC-PHC-2026-0039,Naveen Gowda,Namma Clinic Local PHC,e2e_pharmacist_user,Cetirizine HCl 10 mg,BATCH-PHC-CTZ-01,5,Standard generic dispensation. Patient counselled on dosage.,YES,Patient understood timings and precautions.,2026-10-08 06:55:38
DISP-20261006-5D8BC6,541,NC-PHC-2026-0040,Deepthi Bhat,Namma Clinic Local PHC,e2e_pharmacist_user,ORS Sachet 21.8 g,BATCH-PHC-ORS-01,3,Standard generic dispensation. Patient counselled on dosage.,YES,Patient understood timings and precautions.,2026-10-08 06:55:38
DISP-20261007-1EB359,542,NC-PHC-2026-0041,Jagadeesh Murthy,Namma Clinic Local PHC,e2e_pharmacist_user,Paracetamol 650 mg,BATCH-PHC-PCM-01,14,Standard generic dispensation. Patient counselled on dosage.,YES,Patient understood timings and precautions.,2026-10-08 06:55:38
DISP-20261003-EBD80D,543,NC-PHC-2026-0042,Rashmi Kamath,Namma Clinic Local PHC,e2e_pharmacist_user,Paracetamol 650 mg,BATCH-PHC-PCM-01,10,Standard generic dispensation. Patient counselled on dosage.,YES,Patient understood timings and precautions.,2026-10-08 06:55:38
DISP-20261003-EBD80D,543,NC-PHC-2026-0042,Rashmi Kamath,Namma Clinic Local PHC,e2e_pharmacist_user,Cetirizine HCl 10 mg,BATCH-PHC-CTZ-01,5,Standard generic dispensation. Patient counselled on dosage.,YES,Patient understood timings and precautions.,2026-10-08 06:55:38
DISP-20261004-DEA434,544,NC-PHC-2026-0043,Madhusudhan Rao,Namma Clinic Local PHC,e2e_pharmacist_user,Amoxicillin Trihydrate 500 mg,BATCH-PHC-AMX-01,10,Standard generic dispensation. Patient counselled on dosage.,YES,Patient understood timings and precautions.,2026-10-08 06:55:38
DISP-20261004-DEA434,544,NC-PHC-2026-0043,Madhusudhan Rao,Namma Clinic Local PHC,e2e_pharmacist_user,Paracetamol 650 mg,BATCH-PHC-PCM-01,10,Standard generic dispensation. Patient counselled on dosage.,YES,Patient understood timings and precautions.,2026-10-08 06:55:38
DISP-20261005-2DEEDF,545,NC-PHC-2026-0044,Divya Shenoy,Namma Clinic Local PHC,e2e_pharmacist_user,Iron & Folic Acid 100mg Fe + 500mcg FA,BAT-PHC-8-2026A,30,Standard generic dispensation. Patient counselled on dosage.,YES,Patient understood timings and precautions.,2026-10-08 06:55:38
DISP-20261006-9D965A,546,NC-PHC-2026-0045,Anil Kumar,Namma Clinic Local PHC,e2e_pharmacist_user,Paracetamol 650 mg,BATCH-PHC-PCM-01,10,Standard generic dispensation. Patient counselled on dosage.,YES,Patient understood timings and precautions.,2026-10-08 06:55:38
DISP-20261006-9D965A,546,NC-PHC-2026-0045,Anil Kumar,Namma Clinic Local PHC,e2e_pharmacist_user,Cetirizine HCl 10 mg,BATCH-PHC-CTZ-01,5,Standard generic dispensation. Patient counselled on dosage.,YES,Patient understood timings and precautions.,2026-10-08 06:55:38
DISP-20261007-B00F4C,547,NC-PHC-2026-0046,Padma Sundaram,Namma Clinic Local PHC,e2e_pharmacist_user,Paracetamol 650 mg,BATCH-PHC-PCM-01,14,Standard generic dispensation. Patient counselled on dosage.,YES,Patient understood timings and precautions.,2026-10-08 06:55:38
DISP-20260929-A23943,548,NC-PHC-2026-0047,Sunil Hegde,Namma Clinic Local PHC,e2e_pharmacist_user,Paracetamol 650 mg,BATCH-PHC-PCM-01,6,Standard generic dispensation. Patient counselled on dosage.,YES,Patient understood timings and precautions.,2026-10-08 06:55:38
DISP-20260930-BE5591,549,NC-PHC-2026-0048,Bharati Nayak,Namma Clinic Local PHC,e2e_pharmacist_user,Paracetamol 650 mg,BATCH-PHC-PCM-01,6,Standard generic dispensation. Patient counselled on dosage.,YES,Patient understood timings and precautions.,2026-10-08 06:55:38
DISP-20261001-85E106,550,NC-PHC-2026-0049,Ashok Kulkarni,Namma Clinic Local PHC,e2e_pharmacist_user,Paracetamol 650 mg,BATCH-PHC-PCM-01,6,Standard generic dispensation. Patient counselled on dosage.,YES,Patient understood timings and precautions.,2026-10-08 06:55:38
DISP-20261002-65A2FE,551,NC-PHC-2026-0050,Veena Prabhu,Namma Clinic Local PHC,e2e_pharmacist_user,Paracetamol 650 mg,BATCH-PHC-PCM-01,6,Standard generic dispensation. Patient counselled on dosage.,YES,Patient understood timings and precautions.,2026-10-08 06:55:38
DISP-20261003-092FEE,552,NC-PHC-2026-0051,Prasanna Kumar,Namma Clinic Local PHC,e2e_pharmacist_user,Paracetamol 650 mg,BATCH-PHC-PCM-01,6,Standard generic dispensation. Patient counselled on dosage.,YES,Patient understood timings and precautions.,2026-10-08 06:55:38
DISP-20261004-78B01B,553,NC-PHC-2026-0052,Radhika Bhat,Namma Clinic Local PHC,e2e_pharmacist_user,Paracetamol 650 mg,BATCH-PHC-PCM-01,6,Standard generic dispensation. Patient counselled on dosage.,YES,Patient understood timings and precautions.,2026-10-08 06:55:38
DISP-20261005-852D76,554,NC-PHC-2026-0053,Nagaraj Gowda,Namma Clinic Local PHC,e2e_pharmacist_user,Paracetamol 650 mg,BATCH-PHC-PCM-01,6,Standard generic dispensation. Patient counselled on dosage.,YES,Patient understood timings and precautions.,2026-10-08 06:55:38
DISP-20261006-52E4AA,555,NC-PHC-2026-0054,Swathi Rao,Namma Clinic Local PHC,e2e_pharmacist_user,Paracetamol 650 mg,BATCH-PHC-PCM-01,6,Standard generic dispensation. Patient counselled on dosage.,YES,Patient understood timings and precautions.,2026-10-08 06:55:38
DISP-20261008-D9EB71,558,NC-PHC-2026-0003,Suresh Hegde,Namma Clinic Local PHC,e2e_pharmacist_user,Amlodipine Besylate 5 mg,BATCH-PHC-AML-01,14,Standard generic dispensation. Patient counselled on dosage.,YES,Patient understood timings and precautions.,2026-10-08 06:55:38
DISP-20261008-59DED8,559,NC-PHC-2026-0004,Deepa Rao,Namma Clinic Local PHC,e2e_pharmacist_user,Metformin HCl 500 mg,BATCH-PHC-MET-01,14,Standard generic dispensation. Patient counselled on dosage.,YES,Patient understood timings and precautions.,2026-10-08 06:55:38
DISP-20261008-963F34,560,NC-PHC-2026-0033,Shivakumar Swamy,Namma Clinic Local PHC,e2e_pharmacist_user,Paracetamol 650 mg,BATCH-PHC-PCM-01,14,Standard generic dispensation. Patient counselled on dosage.,YES,Patient understood timings and precautions.,2026-10-08 06:55:38
DISP-20261008-6CD033,561,NC-PHC-2026-0034,Usha Devi,Namma Clinic Local PHC,e2e_pharmacist_user,Amoxicillin Trihydrate 500 mg,BATCH-PHC-AMX-01,14,Standard generic dispensation. Patient counselled on dosage.,YES,Patient understood timings and precautions.,2026-10-08 06:55:38
