Assessment ID,Condition ID,Patient ID,Patient Name,Condition,Staging,Overall Control Status,Visit ID,Visit Date,Systolic BP,Diastolic BP,BP (mmHg),Fasting Glucose (mg/dL),HbA1c (%),BMI,Clinical Notes,Assessed At
254,69,NC-PHC-2026-0001,Ramesh Gowda,HYPERTENSION,Stage 1 Essential Hypertension,UNCONTROLLED,VIS-PHC--20260715-0001,2026-07-15,149,95,149/95,159.00,,25.0,Serial BP tracking: 149/95 mmHg.,2026-10-08
255,69,NC-PHC-2026-0001,Ramesh Gowda,HYPERTENSION,Stage 1 Essential Hypertension,UNCONTROLLED,VIS-PHC--20260818-0001,2026-08-18,143,91,143/91,147.00,,25.0,Serial BP tracking: 143/91 mmHg.,2026-10-08
256,69,NC-PHC-2026-0001,Ramesh Gowda,HYPERTENSION,Stage 1 Essential Hypertension,UNCONTROLLED,VIS-PHC--20260920-0001,2026-09-20,137,87,137/87,135.00,,25.0,Serial BP tracking: 137/87 mmHg.,2026-10-08
257,70,NC-PHC-2026-0002,Ananya Bhat,DIABETES_T2,Type 2 Diabetes Mellitus,UNCONTROLLED,VIS-PHC--20260715-0002,2026-07-15,150,96,150/96,160.00,7.40,,Fasting glucose: 160 mg/dL.,2026-10-08
258,70,NC-PHC-2026-0002,Ananya Bhat,DIABETES_T2,Type 2 Diabetes Mellitus,UNCONTROLLED,VIS-PHC--20260818-0002,2026-08-18,144,92,144/92,148.00,,,Fasting glucose: 148 mg/dL.,2026-10-08
259,70,NC-PHC-2026-0002,Ananya Bhat,DIABETES_T2,Type 2 Diabetes Mellitus,UNCONTROLLED,VIS-PHC--20260920-0002,2026-09-20,138,88,138/88,136.00,,,Fasting glucose: 136 mg/dL.,2026-10-08
260,71,NC-PHC-2026-0003,Suresh Hegde,HYPERTENSION,Stage 1 Essential Hypertension,UNCONTROLLED,VIS-PHC--20260715-0003,2026-07-15,151,94,151/94,161.00,,25.0,Serial BP tracking: 151/94 mmHg.,2026-10-08
261,72,NC-PHC-2026-0003,Suresh Hegde,DIABETES_T2,Type 2 Diabetes Mellitus,CONTROLLED,VIS-PHC--20260715-0003,2026-07-15,151,94,151/94,161.00,7.40,,Fasting glucose: 161 mg/dL.,2026-10-08
262,71,NC-PHC-2026-0003,Suresh Hegde,HYPERTENSION,Stage 1 Essential Hypertension,UNCONTROLLED,VIS-PHC--20260818-0003,2026-08-18,145,90,145/90,149.00,,25.0,Serial BP tracking: 145/90 mmHg.,2026-10-08
263,72,NC-PHC-2026-0003,Suresh Hegde,DIABETES_T2,Type 2 Diabetes Mellitus,CONTROLLED,VIS-PHC--20260818-0003,2026-08-18,145,90,145/90,149.00,,,Fasting glucose: 149 mg/dL.,2026-10-08
264,71,NC-PHC-2026-0003,Suresh Hegde,HYPERTENSION,Stage 1 Essential Hypertension,UNCONTROLLED,VIS-PHC--20260920-0003,2026-09-20,139,86,139/86,137.00,,25.0,Serial BP tracking: 139/86 mmHg.,2026-10-08
265,72,NC-PHC-2026-0003,Suresh Hegde,DIABETES_T2,Type 2 Diabetes Mellitus,CONTROLLED,VIS-PHC--20260920-0003,2026-09-20,139,86,139/86,137.00,,,Fasting glucose: 137 mg/dL.,2026-10-08
266,73,NC-PHC-2026-0004,Deepa Rao,HYPERTENSION,Stage 1 Essential Hypertension,CONTROLLED,VIS-PHC--20260715-0004,2026-07-15,152,95,152/95,162.00,,25.0,Serial BP tracking: 152/95 mmHg.,2026-10-08
267,73,NC-PHC-2026-0004,Deepa Rao,HYPERTENSION,Stage 1 Essential Hypertension,CONTROLLED,VIS-PHC--20260818-0004,2026-08-18,146,91,146/91,150.00,,25.0,Serial BP tracking: 146/91 mmHg.,2026-10-08
268,73,NC-PHC-2026-0004,Deepa Rao,HYPERTENSION,Stage 1 Essential Hypertension,CONTROLLED,VIS-PHC--20260920-0004,2026-09-20,140,87,140/87,138.00,,25.0,Serial BP tracking: 140/87 mmHg.,2026-10-08
269,74,NC-PHC-2026-0005,Venkatesh Prasad,HYPERTENSION,Stage 1 Essential Hypertension,UNCONTROLLED,VIS-PHC--20260715-0005,2026-07-15,148,96,148/96,163.00,,25.0,Serial BP tracking: 148/96 mmHg.,2026-10-08
270,75,NC-PHC-2026-0005,Venkatesh Prasad,DIABETES_T2,Type 2 Diabetes Mellitus,CONTROLLED,VIS-PHC--20260715-0005,2026-07-15,148,96,148/96,163.00,7.40,,Fasting glucose: 163 mg/dL.,2026-10-08
271,74,NC-PHC-2026-0005,Venkatesh Prasad,HYPERTENSION,Stage 1 Essential Hypertension,UNCONTROLLED,VIS-PHC--20260818-0005,2026-08-18,142,92,142/92,151.00,,25.0,Serial BP tracking: 142/92 mmHg.,2026-10-08
272,75,NC-PHC-2026-0005,Venkatesh Prasad,DIABETES_T2,Type 2 Diabetes Mellitus,CONTROLLED,VIS-PHC--20260818-0005,2026-08-18,142,92,142/92,151.00,,,Fasting glucose: 151 mg/dL.,2026-10-08
273,74,NC-PHC-2026-0005,Venkatesh Prasad,HYPERTENSION,Stage 1 Essential Hypertension,UNCONTROLLED,VIS-PHC--20260920-0005,2026-09-20,136,88,136/88,139.00,,25.0,Serial BP tracking: 136/88 mmHg.,2026-10-08
274,75,NC-PHC-2026-0005,Venkatesh Prasad,DIABETES_T2,Type 2 Diabetes Mellitus,CONTROLLED,VIS-PHC--20260920-0005,2026-09-20,136,88,136/88,139.00,,,Fasting glucose: 139 mg/dL.,2026-10-08
275,76,NC-PHC-2026-0006,Kavitha Kulkarni,DIABETES_T2,Type 2 Diabetes Mellitus,UNCONTROLLED,VIS-PHC--20260715-0006,2026-07-15,149,94,149/94,164.00,7.40,,Fasting glucose: 164 mg/dL.,2026-10-08
276,76,NC-PHC-2026-0006,Kavitha Kulkarni,DIABETES_T2,Type 2 Diabetes Mellitus,UNCONTROLLED,VIS-PHC--20260818-0006,2026-08-18,143,90,143/90,152.00,,,Fasting glucose: 152 mg/dL.,2026-10-08
277,76,NC-PHC-2026-0006,Kavitha Kulkarni,DIABETES_T2,Type 2 Diabetes Mellitus,UNCONTROLLED,VIS-PHC--20260920-0006,2026-09-20,137,86,137/86,140.00,,,Fasting glucose: 140 mg/dL.,2026-10-08
278,77,NC-PHC-2026-0007,Basavaraj Nayak,HYPERTENSION,Stage 1 Essential Hypertension,UNCONTROLLED,VIS-PHC--20260715-0007,2026-07-15,150,95,150/95,165.00,,25.0,Serial BP tracking: 150/95 mmHg.,2026-10-08
279,77,NC-PHC-2026-0007,Basavaraj Nayak,HYPERTENSION,Stage 1 Essential Hypertension,UNCONTROLLED,VIS-PHC--20260818-0007,2026-08-18,144,91,144/91,153.00,,25.0,Serial BP tracking: 144/91 mmHg.,2026-10-08
280,77,NC-PHC-2026-0007,Basavaraj Nayak,HYPERTENSION,Stage 1 Essential Hypertension,UNCONTROLLED,VIS-PHC--20260920-0007,2026-09-20,138,87,138/87,141.00,,25.0,Serial BP tracking: 138/87 mmHg.,2026-10-08
281,78,NC-PHC-2026-0008,Pooja Shetty,DIABETES_T2,Type 2 Diabetes Mellitus,UNCONTROLLED,VIS-PHC--20260715-0008,2026-07-15,151,96,151/96,158.00,7.40,,Fasting glucose: 158 mg/dL.,2026-10-08
282,78,NC-PHC-2026-0008,Pooja Shetty,DIABETES_T2,Type 2 Diabetes Mellitus,UNCONTROLLED,VIS-PHC--20260818-0008,2026-08-18,145,92,145/92,146.00,,,Fasting glucose: 146 mg/dL.,2026-10-08
283,78,NC-PHC-2026-0008,Pooja Shetty,DIABETES_T2,Type 2 Diabetes Mellitus,UNCONTROLLED,VIS-PHC--20260920-0008,2026-09-20,139,88,139/88,134.00,,,Fasting glucose: 134 mg/dL.,2026-10-08
284,79,NC-PHC-2026-0009,Manjunath Murthy,HYPERTENSION,Stage 1 Essential Hypertension,UNCONTROLLED,VIS-PHC--20260715-0009,2026-07-15,152,94,152/94,159.00,,25.0,Serial BP tracking: 152/94 mmHg.,2026-10-08
285,80,NC-PHC-2026-0009,Manjunath Murthy,DIABETES_T2,Type 2 Diabetes Mellitus,CONTROLLED,VIS-PHC--20260715-0009,2026-07-15,152,94,152/94,159.00,7.40,,Fasting glucose: 159 mg/dL.,2026-10-08
286,79,NC-PHC-2026-0009,Manjunath Murthy,HYPERTENSION,Stage 1 Essential Hypertension,UNCONTROLLED,VIS-PHC--20260818-0009,2026-08-18,146,90,146/90,147.00,,25.0,Serial BP tracking: 146/90 mmHg.,2026-10-08
287,80,NC-PHC-2026-0009,Manjunath Murthy,DIABETES_T2,Type 2 Diabetes Mellitus,CONTROLLED,VIS-PHC--20260818-0009,2026-08-18,146,90,146/90,147.00,,,Fasting glucose: 147 mg/dL.,2026-10-08
288,79,NC-PHC-2026-0009,Manjunath Murthy,HYPERTENSION,Stage 1 Essential Hypertension,UNCONTROLLED,VIS-PHC--20260920-0009,2026-09-20,140,86,140/86,135.00,,25.0,Serial BP tracking: 140/86 mmHg.,2026-10-08
289,80,NC-PHC-2026-0009,Manjunath Murthy,DIABETES_T2,Type 2 Diabetes Mellitus,CONTROLLED,VIS-PHC--20260920-0009,2026-09-20,140,86,140/86,135.00,,,Fasting glucose: 135 mg/dL.,2026-10-08
290,81,NC-PHC-2026-0010,Sunitha Deshmukh,HYPERTENSION,Stage 1 Essential Hypertension,CONTROLLED,VIS-PHC--20260715-0010,2026-07-15,148,95,148/95,160.00,,25.0,Serial BP tracking: 148/95 mmHg.,2026-10-08
291,81,NC-PHC-2026-0010,Sunitha Deshmukh,HYPERTENSION,Stage 1 Essential Hypertension,CONTROLLED,VIS-PHC--20260818-0010,2026-08-18,142,91,142/91,148.00,,25.0,Serial BP tracking: 142/91 mmHg.,2026-10-08
292,81,NC-PHC-2026-0010,Sunitha Deshmukh,HYPERTENSION,Stage 1 Essential Hypertension,CONTROLLED,VIS-PHC--20260920-0010,2026-09-20,136,87,136/87,136.00,,25.0,Serial BP tracking: 136/87 mmHg.,2026-10-08
293,82,NC-PHC-2026-0011,Chetan Patil,DIABETES_T2,Type 2 Diabetes Mellitus,CONTROLLED,VIS-PHC--20260715-0011,2026-07-15,149,96,149/96,161.00,7.40,,Fasting glucose: 161 mg/dL.,2026-10-08
294,82,NC-PHC-2026-0011,Chetan Patil,DIABETES_T2,Type 2 Diabetes Mellitus,CONTROLLED,VIS-PHC--20260818-0011,2026-08-18,143,92,143/92,149.00,,,Fasting glucose: 149 mg/dL.,2026-10-08
295,82,NC-PHC-2026-0011,Chetan Patil,DIABETES_T2,Type 2 Diabetes Mellitus,CONTROLLED,VIS-PHC--20260920-0011,2026-09-20,137,88,137/88,137.00,,,Fasting glucose: 137 mg/dL.,2026-10-08
296,83,NC-PHC-2026-0012,Rekha Acharya,HYPERTENSION,Stage 1 Essential Hypertension,CONTROLLED,VIS-PHC--20260715-0012,2026-07-15,150,94,150/94,162.00,,25.0,Serial BP tracking: 150/94 mmHg.,2026-10-08
297,83,NC-PHC-2026-0012,Rekha Acharya,HYPERTENSION,Stage 1 Essential Hypertension,CONTROLLED,VIS-PHC--20260818-0012,2026-08-18,144,90,144/90,150.00,,25.0,Serial BP tracking: 144/90 mmHg.,2026-10-08
298,83,NC-PHC-2026-0012,Rekha Acharya,HYPERTENSION,Stage 1 Essential Hypertension,CONTROLLED,VIS-PHC--20260920-0012,2026-09-20,138,86,138/86,138.00,,25.0,Serial BP tracking: 138/86 mmHg.,2026-10-08
299,84,NC-PHC-2026-0013,Praveen Kumar,HYPERTENSION,Stage 1 Essential Hypertension,UNCONTROLLED,VIS-PHC--20260715-0013,2026-07-15,151,95,151/95,163.00,,25.0,Serial BP tracking: 151/95 mmHg.,2026-10-08
300,85,NC-PHC-2026-0013,Praveen Kumar,DIABETES_T2,Type 2 Diabetes Mellitus,CONTROLLED,VIS-PHC--20260715-0013,2026-07-15,151,95,151/95,163.00,7.40,,Fasting glucose: 163 mg/dL.,2026-10-08
301,84,NC-PHC-2026-0013,Praveen Kumar,HYPERTENSION,Stage 1 Essential Hypertension,UNCONTROLLED,VIS-PHC--20260818-0013,2026-08-18,145,91,145/91,151.00,,25.0,Serial BP tracking: 145/91 mmHg.,2026-10-08
302,85,NC-PHC-2026-0013,Praveen Kumar,DIABETES_T2,Type 2 Diabetes Mellitus,CONTROLLED,VIS-PHC--20260818-0013,2026-08-18,145,91,145/91,151.00,,,Fasting glucose: 151 mg/dL.,2026-10-08
303,84,NC-PHC-2026-0013,Praveen Kumar,HYPERTENSION,Stage 1 Essential Hypertension,UNCONTROLLED,VIS-PHC--20260920-0013,2026-09-20,139,87,139/87,139.00,,25.0,Serial BP tracking: 139/87 mmHg.,2026-10-08
304,85,NC-PHC-2026-0013,Praveen Kumar,DIABETES_T2,Type 2 Diabetes Mellitus,CONTROLLED,VIS-PHC--20260920-0013,2026-09-20,139,87,139/87,139.00,,,Fasting glucose: 139 mg/dL.,2026-10-08
305,86,NC-PHC-2026-0014,Shwetha Joshi,DIABETES_T2,Type 2 Diabetes Mellitus,UNCONTROLLED,VIS-PHC--20260715-0014,2026-07-15,152,96,152/96,164.00,7.40,,Fasting glucose: 164 mg/dL.,2026-10-08
306,86,NC-PHC-2026-0014,Shwetha Joshi,DIABETES_T2,Type 2 Diabetes Mellitus,UNCONTROLLED,VIS-PHC--20260818-0014,2026-08-18,146,92,146/92,152.00,,,Fasting glucose: 152 mg/dL.,2026-10-08
307,86,NC-PHC-2026-0014,Shwetha Joshi,DIABETES_T2,Type 2 Diabetes Mellitus,UNCONTROLLED,VIS-PHC--20260920-0014,2026-09-20,140,88,140/88,140.00,,,Fasting glucose: 140 mg/dL.,2026-10-08
308,87,NC-PHC-2026-0015,Anand Bellary,HYPERTENSION,Stage 1 Essential Hypertension,UNCONTROLLED,VIS-PHC--20260715-0015,2026-07-15,148,94,148/94,165.00,,25.0,Serial BP tracking: 148/94 mmHg.,2026-10-08
309,87,NC-PHC-2026-0015,Anand Bellary,HYPERTENSION,Stage 1 Essential Hypertension,UNCONTROLLED,VIS-PHC--20260818-0015,2026-08-18,142,90,142/90,153.00,,25.0,Serial BP tracking: 142/90 mmHg.,2026-10-08
310,87,NC-PHC-2026-0015,Anand Bellary,HYPERTENSION,Stage 1 Essential Hypertension,UNCONTROLLED,VIS-PHC--20260920-0015,2026-09-20,136,86,136/86,141.00,,25.0,Serial BP tracking: 136/86 mmHg.,2026-10-08
311,88,NC-PHC-2026-0016,Meenakshi Sundaram,HYPERTENSION,Stage 1 Essential Hypertension,CONTROLLED,VIS-PHC--20260715-0016,2026-07-15,149,95,149/95,158.00,,25.0,Serial BP tracking: 149/95 mmHg.,2026-10-08
312,89,NC-PHC-2026-0016,Meenakshi Sundaram,DIABETES_T2,Type 2 Diabetes Mellitus,UNCONTROLLED,VIS-PHC--20260715-0016,2026-07-15,149,95,149/95,158.00,7.40,,Fasting glucose: 158 mg/dL.,2026-10-08
313,88,NC-PHC-2026-0016,Meenakshi Sundaram,HYPERTENSION,Stage 1 Essential Hypertension,CONTROLLED,VIS-PHC--20260818-0016,2026-08-18,143,91,143/91,146.00,,25.0,Serial BP tracking: 143/91 mmHg.,2026-10-08
314,89,NC-PHC-2026-0016,Meenakshi Sundaram,DIABETES_T2,Type 2 Diabetes Mellitus,UNCONTROLLED,VIS-PHC--20260818-0016,2026-08-18,143,91,143/91,146.00,,,Fasting glucose: 146 mg/dL.,2026-10-08
315,88,NC-PHC-2026-0016,Meenakshi Sundaram,HYPERTENSION,Stage 1 Essential Hypertension,CONTROLLED,VIS-PHC--20260920-0016,2026-09-20,137,87,137/87,134.00,,25.0,Serial BP tracking: 137/87 mmHg.,2026-10-08
316,89,NC-PHC-2026-0016,Meenakshi Sundaram,DIABETES_T2,Type 2 Diabetes Mellitus,UNCONTROLLED,VIS-PHC--20260920-0016,2026-09-20,137,87,137/87,134.00,,,Fasting glucose: 134 mg/dL.,2026-10-08
317,90,NC-PHC-2026-0017,Raghavendra Rao,DIABETES_T2,Type 2 Diabetes Mellitus,CONTROLLED,VIS-PHC--20260715-0017,2026-07-15,150,96,150/96,159.00,7.40,,Fasting glucose: 159 mg/dL.,2026-10-08
318,90,NC-PHC-2026-0017,Raghavendra Rao,DIABETES_T2,Type 2 Diabetes Mellitus,CONTROLLED,VIS-PHC--20260818-0017,2026-08-18,144,92,144/92,147.00,,,Fasting glucose: 147 mg/dL.,2026-10-08
319,90,NC-PHC-2026-0017,Raghavendra Rao,DIABETES_T2,Type 2 Diabetes Mellitus,CONTROLLED,VIS-PHC--20260920-0017,2026-09-20,138,88,138/88,135.00,,,Fasting glucose: 135 mg/dL.,2026-10-08
320,91,NC-PHC-2026-0018,Soumya Hegde,HYPERTENSION,Stage 1 Essential Hypertension,CONTROLLED,VIS-PHC--20260715-0018,2026-07-15,151,94,151/94,160.00,,25.0,Serial BP tracking: 151/94 mmHg.,2026-10-08
321,91,NC-PHC-2026-0018,Soumya Hegde,HYPERTENSION,Stage 1 Essential Hypertension,CONTROLLED,VIS-PHC--20260818-0018,2026-08-18,145,90,145/90,148.00,,25.0,Serial BP tracking: 145/90 mmHg.,2026-10-08
322,91,NC-PHC-2026-0018,Soumya Hegde,HYPERTENSION,Stage 1 Essential Hypertension,CONTROLLED,VIS-PHC--20260920-0018,2026-09-20,139,86,139/86,136.00,,25.0,Serial BP tracking: 139/86 mmHg.,2026-10-08
323,92,NC-PHC-2026-0019,Girish Kulkarni,HYPERTENSION,Stage 1 Essential Hypertension,UNCONTROLLED,VIS-PHC--20260715-0019,2026-07-15,152,95,152/95,161.00,,25.0,Serial BP tracking: 152/95 mmHg.,2026-10-08
324,93,NC-PHC-2026-0019,Girish Kulkarni,DIABETES_T2,Type 2 Diabetes Mellitus,CONTROLLED,VIS-PHC--20260715-0019,2026-07-15,152,95,152/95,161.00,7.40,,Fasting glucose: 161 mg/dL.,2026-10-08
325,92,NC-PHC-2026-0019,Girish Kulkarni,HYPERTENSION,Stage 1 Essential Hypertension,UNCONTROLLED,VIS-PHC--20260818-0019,2026-08-18,146,91,146/91,149.00,,25.0,Serial BP tracking: 146/91 mmHg.,2026-10-08
326,93,NC-PHC-2026-0019,Girish Kulkarni,DIABETES_T2,Type 2 Diabetes Mellitus,CONTROLLED,VIS-PHC--20260818-0019,2026-08-18,146,91,146/91,149.00,,,Fasting glucose: 149 mg/dL.,2026-10-08
327,92,NC-PHC-2026-0019,Girish Kulkarni,HYPERTENSION,Stage 1 Essential Hypertension,UNCONTROLLED,VIS-PHC--20260920-0019,2026-09-20,140,87,140/87,137.00,,25.0,Serial BP tracking: 140/87 mmHg.,2026-10-08
328,93,NC-PHC-2026-0019,Girish Kulkarni,DIABETES_T2,Type 2 Diabetes Mellitus,CONTROLLED,VIS-PHC--20260920-0019,2026-09-20,140,87,140/87,137.00,,,Fasting glucose: 137 mg/dL.,2026-10-08
329,94,NC-PHC-2026-0020,Roopa Nayak,DIABETES_T2,Type 2 Diabetes Mellitus,UNCONTROLLED,VIS-PHC--20260715-0020,2026-07-15,148,96,148/96,162.00,7.40,,Fasting glucose: 162 mg/dL.,2026-10-08
330,94,NC-PHC-2026-0020,Roopa Nayak,DIABETES_T2,Type 2 Diabetes Mellitus,UNCONTROLLED,VIS-PHC--20260818-0020,2026-08-18,142,92,142/92,150.00,,,Fasting glucose: 150 mg/dL.,2026-10-08
331,94,NC-PHC-2026-0020,Roopa Nayak,DIABETES_T2,Type 2 Diabetes Mellitus,UNCONTROLLED,VIS-PHC--20260920-0020,2026-09-20,136,88,136/88,138.00,,,Fasting glucose: 138 mg/dL.,2026-10-08
