Case Number,Patient ID,Patient Name,Gender,Age,Disease Name,Disease Code,Facility,Ward,Ward Number,Zone,Severity,Status,Lab Confirmed,Reporting Staff,Investigation Notes,Notified Authority,Transmission Status,Dispatched At,Reported At
SURV-20261003-0021,NC-PHC-2026-0021,Ravi Kumar,MALE,28,Dengue Fever,DENGUE,Namma Clinic Local PHC,Laggere Ward,68,West Zone,MODERATE,CONFIRMED,YES,e2e_doctor_user,Statutory notification for Dengue Fever. Ward 68 health inspector notified.,DISTRICT_SURVEILLANCE_OFFICER,DISPATCHED,2026-10-03 08:30:00,2026-10-08 06:55:37
SURV-20261004-0022,NC-PHC-2026-0022,Preeti Shenoy,FEMALE,24,Typhoid Enteric Fever,TYPHOID,Namma Clinic Local PHC,Laggere Ward,68,West Zone,MILD,CONFIRMED,YES,e2e_doctor_user,Statutory notification for Typhoid Enteric Fever. Ward 68 health inspector notified.,DISTRICT_SURVEILLANCE_OFFICER,DISPATCHED,2026-10-04 08:30:00,2026-10-08 06:55:37
SURV-20261005-0023,NC-PHC-2026-0023,Vijay Patil,MALE,35,Malaria,MALARIA,Namma Clinic Local PHC,Laggere Ward,68,West Zone,MILD,CONFIRMED,YES,e2e_doctor_user,Statutory notification for Malaria. Ward 68 health inspector notified.,DISTRICT_SURVEILLANCE_OFFICER,DISPATCHED,2026-10-05 08:30:00,2026-10-08 06:55:37
SURV-20261006-0024,NC-PHC-2026-0024,Geetha Raman,FEMALE,31,Acute Gastroenteritis / Choleraic Diarrhea,GASTRO,Namma Clinic Local PHC,Laggere Ward,68,West Zone,MILD,CONFIRMED,YES,e2e_doctor_user,Statutory notification for Acute Gastroenteritis / Choleraic Diarrhea. Ward 68 health inspector notified.,DISTRICT_SURVEILLANCE_OFFICER,DISPATCHED,2026-10-06 08:30:00,2026-10-08 06:55:37
SURV-20261007-0025,NC-PHC-2026-0025,Mohan Bhat,MALE,22,Dengue Fever,DENGUE,Namma Clinic Local PHC,Laggere Ward,68,West Zone,MODERATE,CONFIRMED,YES,e2e_doctor_user,Statutory notification for Dengue Fever. Ward 68 health inspector notified.,DISTRICT_SURVEILLANCE_OFFICER,DISPATCHED,2026-10-07 08:30:00,2026-10-08 06:55:37
SURV-20261001-0026,NC-PHC-2026-0026,Archana Kulkarni,FEMALE,29,Typhoid Enteric Fever,TYPHOID,Namma Clinic Local PHC,Laggere Ward,68,West Zone,MILD,CONFIRMED,YES,e2e_doctor_user,Statutory notification for Typhoid Enteric Fever. Ward 68 health inspector notified.,DISTRICT_SURVEILLANCE_OFFICER,DISPATCHED,2026-10-01 08:30:00,2026-10-08 06:55:37
SURV-20261002-0027,NC-PHC-2026-0027,Santosh Gowda,MALE,33,Dengue Fever,DENGUE,Namma Clinic Local PHC,Ulsoor Ward,14,East Zone,MODERATE,CONFIRMED,YES,e2e_doctor_user,Statutory notification for Dengue Fever. Ward 14 health inspector notified.,DISTRICT_SURVEILLANCE_OFFICER,DISPATCHED,2026-10-02 08:30:00,2026-10-08 06:55:37
SURV-20261003-0028,NC-PHC-2026-0028,Vidya Shankar,FEMALE,27,Acute Gastroenteritis / Choleraic Diarrhea,GASTRO,Namma Clinic Local PHC,Ulsoor Ward,14,East Zone,MILD,CONFIRMED,YES,e2e_doctor_user,Statutory notification for Acute Gastroenteritis / Choleraic Diarrhea. Ward 14 health inspector notified.,DISTRICT_SURVEILLANCE_OFFICER,DISPATCHED,2026-10-03 08:30:00,2026-10-08 06:55:37
SURV-20261004-0029,NC-PHC-2026-0029,Harish Reddy,MALE,40,Typhoid Enteric Fever,TYPHOID,Namma Clinic Local PHC,Ulsoor Ward,14,East Zone,MILD,CONFIRMED,YES,e2e_doctor_user,Statutory notification for Typhoid Enteric Fever. Ward 14 health inspector notified.,DISTRICT_SURVEILLANCE_OFFICER,DISPATCHED,2026-10-04 08:30:00,2026-10-08 06:55:37
SURV-20261005-0030,NC-PHC-2026-0030,Nalini Hegde,FEMALE,36,Malaria,MALARIA,Namma Clinic Local PHC,Jayanagar Ward,45,South Zone,MILD,CONFIRMED,YES,e2e_doctor_user,Statutory notification for Malaria. Ward 45 health inspector notified.,DISTRICT_SURVEILLANCE_OFFICER,DISPATCHED,2026-10-05 08:30:00,2026-10-08 06:55:37
SURV-20261006-0031,NC-PHC-2026-0031,Kiran Acharya,MALE,25,Acute Gastroenteritis / Choleraic Diarrhea,GASTRO,Namma Clinic Local PHC,Jayanagar Ward,45,South Zone,MILD,CONFIRMED,YES,e2e_doctor_user,Statutory notification for Acute Gastroenteritis / Choleraic Diarrhea. Ward 45 health inspector notified.,DISTRICT_SURVEILLANCE_OFFICER,DISPATCHED,2026-10-06 08:30:00,2026-10-08 06:55:37
SURV-20261007-0032,NC-PHC-2026-0032,Bhavana Rao,FEMALE,30,Dengue Fever,DENGUE,Namma Clinic Local PHC,Laggere Ward,68,West Zone,MODERATE,CONFIRMED,YES,e2e_doctor_user,Statutory notification for Dengue Fever. Ward 68 health inspector notified.,DISTRICT_SURVEILLANCE_OFFICER,DISPATCHED,2026-10-07 08:30:00,2026-10-08 06:55:37
